{
  "Ns": [
    5,
    10,
    20,
    50,
    100
  ],
  "architectures": [
    "random",
    "attention",
    "hebbian"
  ],
  "results": {
    "random_5": [
      1.2285199499121256e-16,
      0.0,
      3.189949265706716e-16,
      0.0,
      1.3326478842528998e-16,
      1.3785569873331448e-16,
      1.9932215393625599e-16,
      1.2297545522983335e-16,
      0.0,
      1.4536388329373155e-16
    ],
    "random_10": [
      0.0,
      1.2595773554174265e-16,
      1.3465561327592734e-16,
      0.0,
      1.1683910831451496e-16,
      2.304465016066517e-16,
      2.638029521822633e-16,
      0.0,
      2.7509956536651257e-16,
      0.0
    ],
    "random_20": [
      0.0,
      1.881785893573885e-16,
      0.0,
      0.0,
      1.978596791304622e-16,
      0.0,
      0.0,
      0.0,
      0.0,
      0.0
    ],
    "random_50": [
      1.4628982191610107e-16,
      1.441277882178292e-16,
      1.4320879325876612e-16,
      1.4043149961998004e-16,
      1.4379585945232582e-16,
      1.3942413968084482e-16,
      0.0,
      1.4487390723640626e-16,
      1.4275453735629846e-16,
      0.0
    ],
    "random_100": [
      1.182889230895692e-16,
      1.1923044225306037e-16,
      0.0,
      1.1732772806186018e-16,
      2.34370607358229e-16,
      1.1875360521392978e-16,
      1.1919319491676917e-16,
      1.1485196038603761e-16,
      0.0,
      0.0
    ],
    "attention_5": [
      0.03885812662575575,
      0.033757990129060785,
      0.0027501806807310614,
      0.046177968422400094,
      0.03252279240340421,
      0.03609413147745985,
      0.022798368959696207,
      0.024658267050289402,
      0.00983650792094374,
      0.03068536928193234
    ],
    "attention_10": [
      0.03389307110178857,
      0.015783212420396014,
      0.03500051096580861,
      0.034611750287382184,
      0.0268325559949985,
      0.01198851220806868,
      0.03803996221094308,
      0.016109339997450664,
      0.026475546827707776,
      0.02624689106407996
    ],
    "attention_20": [
      0.01806647211369177,
      0.026077215617291743,
      0.026993898078598276,
      0.02427026977279015,
      0.028514426121775228,
      0.01836138014831041,
      0.02035596235160228,
      0.01794497354355893,
      0.020874553220844916,
      0.031221701021708157
    ],
    "attention_50": [
      0.01624638896925868,
      0.019183970022782795,
      0.018154302968142636,
      0.015830519280150935,
      0.01528742641342615,
      0.016504090544848807,
      0.021317266989287646,
      0.016617522901285552,
      0.01562989727477691,
      0.014083701499720236
    ],
    "attention_100": [
      0.013518288662575817,
      0.012130278761686444,
      0.012841042367878908,
      0.012895711663198533,
      0.0097250753371881,
      0.013735264620406291,
      0.013529895971151623,
      0.012881197074048258,
      0.011587192160582648,
      0.013528697356832197
    ],
    "hebbian_5": [
      6.6310897057790195,
      6.241018184680238,
      5.361827519096623,
      6.851310655771504,
      6.093915542255818,
      6.902925255787773,
      6.91012107845408,
      6.983565928987142,
      6.18601385916312,
      6.499735419861594
    ],
    "hebbian_10": [
      6.5100675759160165,
      6.073732772980395,
      6.987370165152791,
      6.659540608372695,
      6.334833463185086,
      6.326444553203828,
      6.560337092813932,
      6.659695285449188,
      5.573286820349882,
      6.565195058552193
    ],
    "hebbian_20": [
      6.663081565148973,
      6.7275352682713505,
      6.072819959980013,
      6.553938841649566,
      6.327663889068246,
      6.5185528489590405,
      6.473721166010186,
      6.866508749303315,
      6.474841553872983,
      6.850441485963442
    ],
    "hebbian_50": [
      6.351331973161333,
      6.475071240151198,
      6.786516027073488,
      6.697441477154571,
      6.339134764911237,
      6.6205115048464895,
      6.574126072875984,
      6.584747006138195,
      6.529178296257583,
      6.6016902664240575
    ],
    "hebbian_100": [
      6.627233043217114,
      6.411208834146667,
      6.448648309076694,
      6.652988352628237,
      6.5681563106830065,
      6.676398334820841,
      6.670859737997851,
      6.5399272242003645,
      6.653462400146092,
      6.395388491154096
    ]
  }
}