{
  "Ns": [
    5,
    10,
    20,
    50,
    100
  ],
  "architectures": [
    "random",
    "attention",
    "hebbian"
  ],
  "results": {
    "random_5": [
      0.0,
      1.5715299681636976e-16,
      0.0,
      0.0,
      1.289341389801508e-16,
      0.0,
      1.3029750043467634e-16,
      0.0,
      0.0,
      0.0
    ],
    "random_10": [
      0.0,
      1.6674135181627342e-16,
      1.5102411657270752e-16,
      2.18053041438283e-16,
      1.168262382020799e-16,
      1.1696346241701555e-16,
      1.3661195586735573e-16,
      2.1931969692008746e-16,
      0.0,
      0.0
    ],
    "random_20": [
      0.0,
      2.0099563399429606e-16,
      0.0,
      1.5760444662992798e-16,
      0.0,
      1.9785123816665198e-16,
      0.0,
      0.0,
      0.0,
      0.0
    ],
    "random_50": [
      1.258783266546002e-16,
      1.3537947750448977e-16,
      0.0,
      1.336469760999171e-16,
      2.5831630072975535e-16,
      0.0,
      0.0,
      1.41929843089339e-16,
      1.3852118647843362e-16,
      0.0
    ],
    "random_100": [
      1.1785011375581993e-16,
      1.1849611867259718e-16,
      0.0,
      0.0,
      2.339283984722009e-16,
      1.154615051460638e-16,
      1.1854052382971827e-16,
      1.1704091987463736e-16,
      1.1379083575276425e-16,
      1.115167187181491e-16
    ],
    "attention_5": [
      0.034604273884287565,
      0.0274705652309187,
      0.02573860495394765,
      0.028733969597488522,
      0.023947809143750914,
      0.034841127653811095,
      0.03047894488965675,
      0.0329274420415207,
      0.03515841301112602,
      0.02658343737704838
    ],
    "attention_10": [
      0.019913489049490543,
      0.01954067955108733,
      0.0411926732742807,
      0.010609398654762367,
      0.030371888791134366,
      0.030817807503343533,
      0.02066307683594132,
      0.02873367711848054,
      0.023423786995877764,
      0.029836415227735436
    ],
    "attention_20": [
      0.018965928465455105,
      0.023870749042634736,
      0.02523649816886756,
      0.02169475093688342,
      0.01236691733332698,
      0.020677289798182355,
      0.01576472977486392,
      0.020532841602158375,
      0.02595801547953572,
      0.027392826904298045
    ],
    "attention_50": [
      0.014960304616804431,
      0.01796049212405774,
      0.015202757740030328,
      0.019940426505776584,
      0.013322017293774899,
      0.013240123742685772,
      0.01225215955860396,
      0.01569495925927971,
      0.018151714259196837,
      0.012971802936836547
    ],
    "attention_100": [
      0.011979405807379728,
      0.010586173860064293,
      0.012279757857667422,
      0.010765377150629099,
      0.011965956554703814,
      0.012186981874962349,
      0.011031407122852303,
      0.011776752890139703,
      0.01391523319198636,
      0.010767462997373493
    ],
    "hebbian_5": [
      1.2101090022221692,
      3.2045701440317464,
      1.8668633387198932,
      2.229434820814315,
      3.237459789348628,
      1.9733377421843497,
      0.7763007218507691,
      2.2488673690714966,
      1.3519558154487048,
      3.4338936094521375
    ],
    "hebbian_10": [
      2.3599183462715003,
      2.0401264518756967,
      2.0297239805565805,
      1.4062714950815165,
      2.507173946713226,
      0.7915577676439718,
      2.80496834321515,
      2.3398956951597794,
      2.2263947431555096,
      2.274182857838546
    ],
    "hebbian_20": [
      2.38098970417691,
      1.9221304750883494,
      2.7388820306483814,
      2.422176137580678,
      2.027772058446389,
      1.812118017025009,
      2.4558024967872187,
      1.9052044135475852,
      1.3284699830957098,
      2.618167246109301
    ],
    "hebbian_50": [
      2.3742498854154515,
      1.8087116584989065,
      2.1173917213716256,
      2.549338172595329,
      2.389184020990264,
      2.4760098535470485,
      2.3295366500131487,
      2.3812489283737595,
      2.1257001784908796,
      1.4415822168589234
    ],
    "hebbian_100": [
      2.376189323398405,
      2.087894150632709,
      2.4976952430874038,
      2.154936697913388,
      2.35478098103564,
      2.305794275836045,
      2.2400579839436445,
      2.3572819574405277,
      2.1749439474332135,
      2.1301654119223516
    ]
  },
  "fit_results": {
    "random": {
      "a": 1.0000000000000013e-15,
      "b": 0.0,
      "R2": 0.0,
      "R2_inv_N": 0.3477287206100405,
      "R2_inv_N2": 0.4055768860166734,
      "R2_logN_N": 0.29316744111666937
    },
    "attention": {
      "a": 0.051985355332969684,
      "b": -0.31524173728272753,
      "R2": 0.9897916293688823,
      "R2_inv_N": 0.8731306013610216,
      "R2_inv_N2": 0.6884563218505443,
      "R2_logN_N": 0.9771555956607594
    },
    "hebbian": {
      "a": 2.032435636323824,
      "b": 0.021387938750569536,
      "R2": 0.6492653614093126,
      "R2_inv_N": 0.3182705744074219,
      "R2_inv_N2": 0.12995701346139604,
      "R2_logN_N": 0.5264913611032492
    }
  },
  "params": {
    "noise": 0.1,
    "scale_random": 2.0,
    "tau": 1.0,
    "steps": 50,
    "samples": 10
  }
}