{
  "experiment": "phase_transition_binary_alloy",
  "lattice_sites": 441,
  "lattice_range": 10,
  "critical_temperature": 0.15142857142857144,
  "parameters": {
    "J_AA": -1.0,
    "J_BB": -1.0,
    "J_AB": 0.5,
    "n_equilibrate": 200,
    "n_measure": 100
  },
  "phase_analysis": {
    "low_T_constraint_satisfaction": 0.0,
    "high_T_constraint_satisfaction": 0.1549547898338221
  },
  "data": {
    "temperatures": [
      0.01,
      0.08071428571428571,
      0.15142857142857144,
      0.22214285714285714,
      0.29285714285714287,
      0.3635714285714286,
      0.4342857142857143,
      0.505,
      0.5757142857142857,
      0.6464285714285715,
      0.7171428571428572,
      0.7878571428571429,
      0.8585714285714285,
      0.9292857142857143,
      1.0,
      1.1428571428571428,
      1.2857142857142856,
      1.4285714285714286,
      1.5714285714285714,
      1.7142857142857142,
      1.8571428571428572,
      2.0,
      2.142857142857143,
      2.2857142857142856,
      2.4285714285714284,
      2.571428571428571,
      2.7142857142857144,
      2.8571428571428568,
      3.0,
      3.5555555555555554,
      4.111111111111111,
      4.666666666666667,
      5.222222222222222,
      5.777777777777778,
      6.333333333333334,
      6.888888888888889,
      7.444444444444445,
      8.0
    ],
    "energies": [
      -1240.0,
      -1240.0,
      -1230.49,
      -1240.0,
      -1178.86,
      -1178.5,
      -1240.0,
      -1239.97,
      -1237.96,
      -1240.0,
      -1239.61,
      -1176.085,
      -1176.205,
      -1238.89,
      -1175.14,
      -1234.99,
      -1214.485,
      -1225.225,
      -1213.84,
      -1196.56,
      -1173.685,
      -1144.57,
      -1053.325,
      -1072.945,
      -1024.495,
      -890.185,
      -837.355,
      -796.705,
      -755.29,
      -629.515,
      -569.275,
      -527.44,
      -496.45,
      -470.275,
      -457.525,
      -434.26,
      -428.29,
      -419.83
    ],
    "energies_std": [
      0.0,
      0.0,
      10.358083799622397,
      0.0,
      1.3602940858505561,
      0.0,
      0.0,
      0.29849623113198587,
      4.175931033913276,
      0.0,
      1.6241613220366995,
      2.9766214068974244,
      2.593352077909978,
      2.671684861655656,
      6.0041985310281,
      5.970753721265012,
      15.039689990156047,
      10.360592405842437,
      13.376636348499572,
      20.523069945795147,
      23.924219423003123,
      32.059165616091754,
      31.523830271716665,
      39.43183326958055,
      41.78573291208376,
      41.632658754876566,
      49.44690561602414,
      45.902673941721524,
      40.53277562664565,
      42.942720861631486,
      42.63768139803101,
      39.79097133772937,
      33.46681191867549,
      36.30952870804026,
      30.80327701722659,
      27.788260111061287,
      31.892568099794033,
      29.50662806896105
    ],
    "constraint_satisfaction": [
      0.0,
      0.0,
      0.005112903225806451,
      0.0,
      0.03287096774193549,
      0.03306451612903227,
      0.0,
      1.6129032258064517e-05,
      0.0010967741935483872,
      0.0,
      0.00020967741935483871,
      0.03436290322580646,
      0.03429838709677419,
      0.0005967741935483871,
      0.034870967741935474,
      0.002693548387096775,
      0.013717741935483871,
      0.007943548387096771,
      0.014064516129032261,
      0.023354838709677413,
      0.03565322580645161,
      0.05130645161290324,
      0.10036290322580645,
      0.08981451612903225,
      0.11586290322580646,
      0.18807258064516127,
      0.21647580645161288,
      0.23833064516129032,
      0.26059677419354843,
      0.32821774193548386,
      0.3606048387096774,
      0.3830967741935483,
      0.39975806451612905,
      0.41383064516129026,
      0.4206854838709678,
      0.4331935483870968,
      0.43640322580645163,
      0.4409516129032257
    ],
    "constraint_satisfaction_std": [
      0.0,
      0.0,
      0.0055688622578615055,
      0.0,
      0.0007313409063712671,
      1.3877787807814457e-17,
      0.0,
      0.00016048184469461612,
      0.002245124211781331,
      0.0,
      0.0008732050118476879,
      0.0016003340897297975,
      0.0013942753107042886,
      0.0014363897105675572,
      0.0032280637263591935,
      0.0032100826458414046,
      0.00808585483341723,
      0.005570210970883031,
      0.007191739972311599,
      0.011033908573008143,
      0.01286248356075437,
      0.01723611054628589,
      0.01694829584500896,
      0.021199910359989544,
      0.022465447802195566,
      0.022383149868213204,
      0.026584357858077494,
      0.0246788569579148,
      0.0217918148530353,
      0.023087484334210474,
      0.02292348462259732,
      0.02139299534286525,
      0.017992909633696503,
      0.01952125199357003,
      0.016560901622164836,
      0.014939924790893165,
      0.017146541989136576,
      0.015863778531699492
    ],
    "order_parameter": [
      1.0,
      1.0,
      0.9523356009070295,
      1.0,
      0.22172335600907028,
      0.021315192743764175,
      1.0,
      0.9999546485260771,
      0.9943764172335601,
      1.0,
      0.9996371882086168,
      0.06217687074829932,
      0.16258503401360547,
      0.9987755102040816,
      0.1731972789115646,
      0.9958276643990928,
      0.9158730158730157,
      0.9898866213151928,
      0.9815419501133785,
      0.967437641723356,
      0.9458049886621315,
      0.9157369614512472,
      0.14975056689342403,
      0.8480272108843536,
      0.741859410430839,
      0.3749659863945578,
      0.2549659863945578,
      0.1980952380952381,
      0.23886621315192744,
      0.15759637188208617,
      0.07124716553287981,
      0.06421768707482993,
      0.06625850340136054,
      0.05596371882086168,
      0.05877551020408163,
      0.04603174603174602,
      0.05378684807256236,
      0.041405895691609976
    ],
    "order_parameter_std": [
      0.0,
      0.0,
      0.05838020743957564,
      0.0,
      0.12219995674331281,
      0.014036995501625543,
      0.0,
      0.0004512414680755615,
      0.013036004878528197,
      0.0,
      0.0015285532468347156,
      0.03742689289733,
      0.06485538265315778,
      0.003132536315524556,
      0.13070149224736735,
      0.004913053084426614,
      0.06185573632035813,
      0.007195179635177026,
      0.009366040152106507,
      0.016568874096126836,
      0.02421424725245943,
      0.036777668656136776,
      0.07987392433934619,
      0.04568807062472124,
      0.07138696553084706,
      0.14069687953424936,
      0.12861614038968577,
      0.11865349726555172,
      0.11738597179649402,
      0.09136577541503084,
      0.05312241369846806,
      0.04879540407989193,
      0.05162462082387022,
      0.04039449443183102,
      0.04911554156893218,
      0.034552793629995304,
      0.038570195450207,
      0.03071640966013748
    ],
    "magnetization": [
      1.0,
      1.0,
      0.9523356009070295,
      1.0,
      0.22172335600907025,
      0.021315192743764172,
      1.0,
      0.9999546485260771,
      0.9943764172335601,
      1.0,
      0.9996371882086169,
      0.062176870748299314,
      0.1625850340136054,
      0.9987755102040816,
      0.17319727891156464,
      0.9958276643990931,
      0.915873015873016,
      0.9898866213151928,
      0.9815419501133787,
      0.967437641723356,
      0.9458049886621315,
      0.9157369614512472,
      0.14975056689342403,
      0.8480272108843537,
      0.741859410430839,
      0.37496598639455775,
      0.25496598639455786,
      0.1980952380952381,
      0.23886621315192744,
      0.15759637188208614,
      0.07124716553287984,
      0.06421768707482993,
      0.06625850340136054,
      0.05596371882086169,
      0.05877551020408163,
      0.046031746031746035,
      0.05378684807256237,
      0.04140589569160997
    ],