{
  "hebbian": {
    "0.001": {
      "noise_level": 0.001,
      "mean_cv": 2.2378531251443817e-16,
      "std_cv": 1.5470058528002984e-16,
      "n_trials": 20
    },
    "0.0016237767391887208": {
      "noise_level": 0.0016237767391887208,
      "mean_cv": 2.0975814217298843e-16,
      "std_cv": 9.021860348464275e-17,
      "n_trials": 20
    },
    "0.0026366508987303583": {
      "noise_level": 0.0026366508987303583,
      "mean_cv": 2.4802148136077724e-16,
      "std_cv": 1.4060200356053771e-16,
      "n_trials": 20
    },
    "0.004281332398719396": {
      "noise_level": 0.004281332398719396,
      "mean_cv": 1.758418187763408e-16,
      "std_cv": 1.6001220417497974e-16,
      "n_trials": 20
    },
    "0.0069519279617756054": {
      "noise_level": 0.0069519279617756054,
      "mean_cv": 1.646811391931921e-16,
      "std_cv": 9.838006318404582e-17,
      "n_trials": 20
    },
    "0.011288378916846888": {
      "noise_level": 0.011288378916846888,
      "mean_cv": 1.927156553031163e-16,
      "std_cv": 1.1464324714751102e-16,
      "n_trials": 20
    },
    "0.018329807108324356": {
      "noise_level": 0.018329807108324356,
      "mean_cv": 2.292124979260972e-16,
      "std_cv": 1.1791965203917523e-16,
      "n_trials": 20
    },
    "0.029763514416313176": {
      "noise_level": 0.029763514416313176,
      "mean_cv": 2.0666648876569437e-16,
      "std_cv": 1.654532737858796e-16,
      "n_trials": 20
    },
    "0.04832930238571752": {
      "noise_level": 0.04832930238571752,
      "mean_cv": 2.4307480350976695e-16,
      "std_cv": 1.81856067862311e-16,
      "n_trials": 20
    },
    "0.07847599703514611": {
      "noise_level": 0.07847599703514611,
      "mean_cv": 1.6088504860440127e-16,
      "std_cv": 1.3985463832316827e-16,
      "n_trials": 20
    },
    "0.12742749857031335": {
      "noise_level": 0.12742749857031335,
      "mean_cv": 1.9661617622141176e-16,
      "std_cv": 1.5943427810639166e-16,
      "n_trials": 20
    },
    "0.20691380811147903": {
      "noise_level": 0.20691380811147903,
      "mean_cv": 2.3565902473640074e-16,
      "std_cv": 1.4211367814548088e-16,
      "n_trials": 20
    },
    "0.3359818286283781": {
      "noise_level": 0.3359818286283781,
      "mean_cv": 1.6802074665195582e-16,
      "std_cv": 1.292242377722652e-16,
      "n_trials": 20
    },
    "0.5455594781168515": {
      "noise_level": 0.5455594781168515,
      "mean_cv": 2.023331823429367e-16,
      "std_cv": 1.8822039727442836e-16,
      "n_trials": 20
    },
    "0.8858667904100823": {
      "noise_level": 0.8858667904100823,
      "mean_cv": 2.1688975700484498e-16,
      "std_cv": 1.2690446656046465e-16,
      "n_trials": 20
    },
    "1.438449888287663": {
      "noise_level": 1.438449888287663,
      "mean_cv": 2.1012510323397164e-16,
      "std_cv": 1.7889442029656134e-16,
      "n_trials": 20
    },
    "2.3357214690901213": {
      "noise_level": 2.3357214690901213,
      "mean_cv": 1.7528686158902486e-16,
      "std_cv": 1.2833837981889938e-16,
      "n_trials": 20
    },
    "3.792690190732246": {
      "noise_level": 3.792690190732246,
      "mean_cv": 1.6647810296888481e-16,
      "std_cv": 1.4726338398980413e-16,
      "n_trials": 20
    },
    "6.158482110660261": {
      "noise_level": 6.158482110660261,
      "mean_cv": 1.9102351701084405e-16,
      "std_cv": 1.6158161907811048e-16,
      "n_trials": 20
    },
    "10.0": {
      "noise_level": 10.0,
      "mean_cv": 2.280748223473304e-16,
      "std_cv": 1.5119253051406482e-16,
      "n_trials": 20
    }
  },
  "attention": {
    "0.001": {
      "noise_level": 0.001,
      "mean_cv": 2.0461225748654805e-16,
      "std_cv": 1.122257425553665e-16,
      "n_trials": 20
    },
    "0.0016237767391887208": {
      "noise_level": 0.0016237767391887208,
      "mean_cv": 1.4903543356006037e-16,
      "std_cv": 1.5724503258216267e-16,
      "n_trials": 20
    },
    "0.0026366508987303583": {
      "noise_level": 0.0026366508987303583,
      "mean_cv": 1.9847926326624245e-16,
      "std_cv": 1.6251999371236113e-16,
      "n_trials": 20
    },
    "0.004281332398719396": {
      "noise_level": 0.004281332398719396,
      "mean_cv": 2.215152497222304e-16,
      "std_cv": 1.1594325401414093e-16,
      "n_trials": 20
    },
    "0.0069519279617756054": {
      "noise_level": 0.0069519279617756054,
      "mean_cv": 2.0610119753411347e-16,
      "std_cv": 1.4229501564480884e-16,
      "n_trials": 20
    },
    "0.011288378916846888": {
      "noise_level": 0.011288378916846888,
      "mean_cv": 1.5378020488452407e-16,
      "std_cv": 1.526977615847326e-16,
      "n_trials": 20
    },
    "0.018329807108324356": {
      "noise_level": 0.018329807108324356,
      "mean_cv": 2.033686565247978e-16,
      "std_cv": 1.440395923659106e-16,
      "n_trials": 20
    },
    "0.029763514416313176": {
      "noise_level": 0.029763514416313176,
      "mean_cv": 2.0264074550386184e-16,
      "std_cv": 1.5627693126919386e-16,
      "n_trials": 20
    },
    "0.04832930238571752": {
      "noise_level": 0.04832930238571752,
      "mean_cv": 1.5276284112393122e-16,
      "std_cv": 1.7074234686747073e-16,
      "n_trials": 20
    },
    "0.07847599703514611": {
      "noise_level": 0.07847599703514611,
      "mean_cv": 1.6784235066192296e-16,
      "std_cv": 1.5494300455942415e-16,
      "n_trials": 20
    },
    "0.12742749857031335": {
      "noise_level": 0.12742749857031335,
      "mean_cv": 2.331402968955595e-16,
      "std_cv": 1.6243337887332338e-16,
      "n_trials": 20
    },
    "0.20691380811147903": {
      "noise_level": 0.20691380811147903,
      "mean_cv": 2.0076510849182298e-16,
      "std_cv": 1.5606955806441486e-16,
      "n_trials": 20
    },
    "0.3359818286283781": {
      "noise_level": 0.3359818286283781,
      "mean_cv": 1.8119643357448778e-16,
      "std_cv": 1.2168841418356954e-16,
      "n_trials": 20
    },
    "0.5455594781168515": {
      "noise_level": 0.5455594781168515,
      "mean_cv": 2.114004310601909e-16,
      "std_cv": 1.4055377196567406e-16,
      "n_trials": 20
    },
    "0.8858667904100823": {
      "noise_level": 0.8858667904100823,
      "mean_cv": 2.3699734122143943e-16,
      "std_cv": 1.5748858363938899e-16,
      "n_trials": 20
    },
    "1.438449888287663": {
      "noise_level": 1.438449888287663,
      "mean_cv": 1.9808183077350097e-16,
      "std_cv": 1.3363765083764428e-16,
      "n_trials": 20
    },
    "2.3357214690901213": {
      "noise_level": 2.3357214690901213,
      "mean_cv": 1.693540221824287e-16,
      "std_cv": 1.5736639226608962e-16,
      "n_trials": 20
    },
    "3.792690190732246": {
      "noise_level": 3.792690190732246,
      "mean_cv": 1.999613416947657e-16,
      "std_cv": 1.2953317734503631e-16,
      "n_trials": 20
    },
    "6.158482110660261": {
      "noise_level": 6.158482110660261,
      "mean_cv": 1.984487042848316e-16,
      "std_cv": 1.6672921129333412e-16,
      "n_trials": 20
    },
    "10.0": {
      "noise_level": 10.0,
      "mean_cv": 1.6695123301524914e-16,
      "std_cv": 1.3453153818997414e-16,
      "n_trials": 20
    }
  }
}