{
  "2": {
    "n_levels": 2,
    "bits": 1.0,
    "mean_cv": 1.7223383709005996e-16,
    "std_cv": 1.3719105587813651e-16,
    "mean_gh": 3.8745521841055988,
    "n_valid": 30
  },
  "3": {
    "n_levels": 3,
    "bits": 1.584962500721156,
    "mean_cv": 1.533209818260785e-16,
    "std_cv": 1.323372342992156e-16,
    "mean_gh": 3.7667447092932784,
    "n_valid": 30
  },
  "4": {
    "n_levels": 4,
    "bits": 2.0,
    "mean_cv": 1.3412283948262676e-16,
    "std_cv": 1.0921706023209824e-16,
    "mean_gh": 3.7540346786821774,
    "n_valid": 30
  },
  "5": {
    "n_levels": 5,
    "bits": 2.321928094887362,
    "mean_cv": 1.7459220339314695e-16,
    "std_cv": 1.3673559997269152e-16,
    "mean_gh": 3.744026639172557,
    "n_valid": 30
  },
  "6": {
    "n_levels": 6,
    "bits": 2.584962500721156,
    "mean_cv": 1.8435534492945976e-16,
    "std_cv": 1.342087229199808e-16,
    "mean_gh": 3.7703317654101682,
    "n_valid": 30
  },
  "7": {
    "n_levels": 7,
    "bits": 2.807354922057604,
    "mean_cv": 1.6965345674846343e-16,
    "std_cv": 1.1348098321374127e-16,
    "mean_gh": 3.753518044040114,
    "n_valid": 30
  },
  "8": {
    "n_levels": 8,
    "bits": 3.0,
    "mean_cv": 1.5655804893716327e-16,
    "std_cv": 1.3667229228988617e-16,
    "mean_gh": 3.76545401480555,
    "n_valid": 30
  },
  "9": {
    "n_levels": 9,
    "bits": 3.169925001442312,
    "mean_cv": 1.375913038863062e-16,
    "std_cv": 1.0174977721822091e-16,
    "mean_gh": 3.7637097172373943,
    "n_valid": 30
  },
  "10": {
    "n_levels": 10,
    "bits": 3.321928094887362,
    "mean_cv": 2.196132751706384e-16,
    "std_cv": 1.3782910221767053e-16,
    "mean_gh": 3.769466992560036,
    "n_valid": 30
  },
  "11": {
    "n_levels": 11,
    "bits": 3.4594316186372973,
    "mean_cv": 1.810832900372948e-16,
    "std_cv": 1.3827782203839055e-16,
    "mean_gh": 3.76252377840399,
    "n_valid": 30
  },
  "12": {
    "n_levels": 12,
    "bits": 3.584962500721156,
    "mean_cv": 2.241506474883289e-16,
    "std_cv": 1.0715924763483669e-16,
    "mean_gh": 3.7620414384159844,
    "n_valid": 30
  },
  "13": {
    "n_levels": 13,
    "bits": 3.700439718141092,
    "mean_cv": 1.8763345509381218e-16,
    "std_cv": 1.1539572857405566e-16,
    "mean_gh": 3.781331643710946,
    "n_valid": 30
  },
  "14": {
    "n_levels": 14,
    "bits": 3.807354922057604,
    "mean_cv": 1.6059023907547012e-16,
    "std_cv": 1.1517722452955783e-16,
    "mean_gh": 3.775090894138051,
    "n_valid": 30
  },
  "15": {
    "n_levels": 15,
    "bits": 3.9068905956085187,
    "mean_cv": 1.612653259900209e-16,
    "std_cv": 1.316184896701581e-16,
    "mean_gh": 3.765192535740284,
    "n_valid": 30
  },
  "16": {
    "n_levels": 16,
    "bits": 4.0,
    "mean_cv": 1.6143771653724887e-16,
    "std_cv": 1.2797401703325832e-16,
    "mean_gh": 3.7644806937730504,
    "n_valid": 30
  },
  "17": {
    "n_levels": 17,
    "bits": 4.087462841250339,
    "mean_cv": 2.0118669178866908e-16,
    "std_cv": 1.2308089578566566e-16,
    "mean_gh": 3.7611485900206625,
    "n_valid": 30
  },
  "18": {
    "n_levels": 18,
    "bits": 4.169925001442312,
    "mean_cv": 1.9262722801115366e-16,
    "std_cv": 1.277512014317459e-16,
    "mean_gh": 3.7643592909003236,
    "n_valid": 30
  },
  "19": {
    "n_levels": 19,
    "bits": 4.247927513443585,
    "mean_cv": 1.6880890723156584e-16,
    "std_cv": 1.3698495889442508e-16,
    "mean_gh": 3.7601717168726734,
    "n_valid": 30
  },
  "interp_0.00": {
    "alpha": 0.0,
    "mean_cv": 2.050914917106482e-16,
    "n_valid": 30
  },
  "interp_0.05": {
    "alpha": 0.05,
    "mean_cv": 1.9057476202999605e-16,
    "n_valid": 30
  },
  "interp_0.10": {
    "alpha": 0.1,
    "mean_cv": 1.6967017915537266e-16,
    "n_valid": 30
  },
  "interp_0.15": {
    "alpha": 0.15000000000000002,
    "mean_cv": 1.6931436890935539e-16,
    "n_valid": 30
  },
  "interp_0.20": {
    "alpha": 0.2,
    "mean_cv": 1.8842452902533658e-16,
    "n_valid": 30
  },
  "interp_0.25": {
    "alpha": 0.25,
    "mean_cv": 1.3601782042529852e-16,
    "n_valid": 30
  },
  "interp_0.30": {
    "alpha": 0.30000000000000004,
    "mean_cv": 1.6166328822483165e-16,
    "n_valid": 30
  },
  "interp_0.35": {
    "alpha": 0.35000000000000003,
    "mean_cv": 1.715619862019579e-16,
    "n_valid": 30
  },
  "interp_0.40": {
    "alpha": 0.4,
    "mean_cv": 1.909451090030734e-16,
    "n_valid": 30
  },
  "interp_0.45": {
    "alpha": 0.45,
    "mean_cv": 1.7216307947182028e-16,
    "n_valid": 30
  },
  "interp_0.50": {
    "alpha": 0.5,
    "mean_cv": 1.7930600396448458e-16,
    "n_valid": 30
  },
  "interp_0.55": {
    "alpha": 0.55,
    "mean_cv": 1.6531039970917555e-16,
    "n_valid": 30
  },
  "interp_0.60": {
    "alpha": 0.6000000000000001,
    "mean_cv": 1.7481968338584064e-16,
    "n_valid": 30
  },
  "interp_0.65": {
    "alpha": 0.65,
    "mean_cv": 1.9478919920763286e-16,
    "n_valid": 30
  },
  "interp_0.70": {
    "alpha": 0.7000000000000001,
    "mean_cv": 1.721373282749364e-16,
    "n_valid": 30
  },
  "interp_0.75": {
    "alpha": 0.75,
    "mean_cv": 1.6529671123796898e-16,
    "n_valid": 30
  },
  "interp_0.80": {
    "alpha": 0.8,
    "mean_cv": 1.484868543809043e-16,
    "n_valid": 30
  },
  "interp_0.85": {
    "alpha": 0.8500000000000001,
    "mean_cv": 1.7476901995500572e-16,
    "n_valid": 30
  },
  "interp_0.90": {
    "alpha": 0.9,
    "mean_cv": 1.5945578874428436e-16,
    "n_valid": 30
  },
  "interp_0.95": {
    "alpha": 0.9500000000000001,
    "mean_cv": 1.4932065350653577e-16,
    "n_valid": 30
  },
  "interp_1.00": {
    "alpha": 1.0,
    "mean_cv": 1.5609878304106043e-16,
    "n_valid": 30
  }
}