{
  "experiment": "koopman_vs_commutator",
  "samples": 100,
  "matrix_size": 5,
  "pearson_commutator_koopman": -0.2153,
  "pearson_commutator_koopman_p": 0.0314,
  "pearson_commutator_cv": 0.9414,
  "pearson_commutator_cv_p": 4.86e-48,
  "pearson_koopman_cv": -0.1667,
  "spearman_commutator_koopman": -0.2026,
  "spearman_commutator_cv": 0.9404,
  "mean_commutator_norm": 0.5162,
  "mean_koopman_dev": 0.1441,
  "mean_cv": 0.3874,
  "koopman_devs": [
    0.236527,
    0.007359,
    0.02703,
    0.00401,
    0.411412,
    0.26319,
    0.114232,
    0.009853,
    0.082133,
    0.150541,
    0.018038,
    0.004172,
    0.152695,
    0.197432,
    0.309853,
    0.142977,
    0.305526,
    0.339432,
    0.172683,
    0.188319,
    0.035169,
    0.05212,
    0.133085,
    0.093622,
    0.048562,
    0.255734,
    0.164615,
    0.124648,
    0.057967,
    0.033796,
    0.066115,
    0.24607,
    0.123292,
    0.05663,
    0.139947,
    0.015581,
    0.065412,
    0.105753,
    0.127574,
    0.040031,
    0.2141,
    0.296605,
    0.136592,
    0.049985,
    0.055913,
    0.197431,
    0.04378,
    0.223438,
    0.224854,
    0.185397,
    0.266785,
    0.249414,
    0.038299,
    0.123387,
    0.038951,
    0.064018,
    0.0966,
    0.232836,
    0.177074,
    0.280252,
    0.017654,
    0.104084,
    0.089479,
    0.240731,
    0.121051,
    0.226365,
    0.095084,
    0.056246,
    0.270284,
    0.069419,
    0.074657,
    0.075551,
    0.340101,
    0.054566,
    0.154693,
    0.132272,
    0.12263,
    0.08769,
    0.357151,
    0.014822,
    0.086553,
    0.098478,
    0.321538,
    0.038644,
    0.224359,
    0.257877,
    0.095997,
    0.265119,
    0.033995,
    0.25369,
    0.129867,
    0.102909,
    0.185674,
    0.12244,
    0.054058,
    0.34299,
    0.338749,
    0.287685,
    0.060197,
    0.083006
  ],
  "commutator_norms": [
    0.800912,
    0.696813,
    0.726039,
    0.58692,
    0.553326,
    0.39516,
    0.796079,
    0.604797,
    0.345969,
    0.500948,
    0.404543,
    0.739794,
    0.342507,
    0.509292,
    0.387347,
    0.126017,
    0.4488,
    0.119736,
    0.260327,
    0.299633,
    0.739062,
    0.514749,
    0.87109,
    0.641047,
    0.203225,
    0.686357,
    0.773819,
    0.525875,
    0.582069,
    0.643849,
    0.629856,
    0.409736,
    0.58853,
    0.386665,
    0.897205,
    0.701677,
    0.256012,
    0.78214,
    0.74802,
    0.266276,
    0.415424,
    0.514077,
    0.815773,
    0.293026,
    0.829561,
    0.779421,
    1.071911,
    0.74084,
    0.595799,
    0.646637,
    0.430752,
    0.734839,
    0.65256,
    0.526708,
    0.534848,
    0.659997,
    0.636174,
    0.482075,
    0.381055,
    0.392179,
    0.362648,
    0.2267,
    0.311792,
    0.485104,
    0.637416,
    0.173192,
    0.592503,
    0.668124,
    0.226293,
    0.38179,
    0.384572,
    0.321017,
    0.281658,
    0.407886,
    0.245091,
    0.501138,
    0.465867,
    0.329344,
    0.465202,
    0.723865,
    0.681117,
    0.657212,
    0.30491,
    0.478533,
    0.384616,
    0.549301,
    0.405339,
    0.576006,
    0.495948,
    0.399596,
    0.48421,
    0.5389,
    0.27301,
    0.441974,
    0.452898,
    0.46692,
    0.629069,
    0.466915,
    0.464895,
    0.653896
  ],
  "cvs": [
    0.534246,
    0.461107,
    0.51696,
    0.383505,
    0.334919,
    0.357929,
    0.508529,
    0.48899,
    0.220438,
    0.335806,
    0.280606,
    0.586974,
    0.240818,
    0.398132,
    0.351292,
    0.139171,
    0.414955,
    0.126038,
    0.259731,
    0.224381,
    0.547175,
    0.309225,
    0.674548,
    0.512026,
    0.15615,
    0.584335,
    0.58353,
    0.383216,
    0.368481,
    0.379059,
    0.395556,
    0.345062,
    0.457673,
    0.32877,
    0.655998,
    0.514806,
    0.205849,
    0.621137,
    0.524943,
    0.253532,
    0.279242,
    0.36629,
    0.706786,
    0.19559,
    0.554097,
    0.663828,
    0.835403,
    0.578657,
    0.399378,
    0.43638,
    0.310775,
    0.527976,
    0.571699,
    0.382058,
    0.357558,
    0.476665,
    0.430041,
    0.324171,
    0.343579,
    0.281216,
    0.23659,
    0.258509,
    0.289859,
    0.356151,
    0.441149,
    0.174908,
    0.38458,
    0.550815,
    0.233229,
    0.262221,
    0.292101,
    0.22481,
    0.18655,
    0.326976,
    0.261585,
    0.427292,
    0.370854,
    0.209716,
    0.347668,
    0.517756,
    0.443802,
    0.50908,
    0.223968,
    0.360005,
    0.255182,
    0.481296,
    0.375129,
    0.411794,
    0.343194,
    0.265135,
    0.352779,
    0.426514,
    0.160742,
    0.334488,
    0.275139,
    0.422346,
    0.395649,
    0.434651,
    0.388285,
    0.54395
  ]
}