{
  "experiment": "conservation_lower_bound",
  "strategies": {
    "grid_search": {
      "cv": 2.510974,
      "rho_J": 0.9,
      "commutator_norm": 3.7915,
      "D_diagonal": [
        0.3,
        0.5,
        0.7,
        0.8,
        0.9
      ],
      "C_matrix": [
        [
          0.0,
          0.5623,
          2.4543,
          -2.8127,
          -5.2986
        ],
        [
          0.0,
          0.0,
          0.3679,
          1.5808,
          2.4225
        ],
        [
          0.0,
          0.0,
          0.0,
          -0.6538,
          -1.8038
        ],
        [
          0.0,
          0.0,
          0.0,
          0.0,
          -1.0219
        ],
        [
          0.0,
          0.0,
          0.0,
          0.0,
          0.0
        ]
      ]
    },
    "optimization": {
      "cv": 2.980159,
      "rho_J": 0.9615,
      "commutator_norm": 4.4999,
      "D_diagonal": [
        0.3,
        0.5,
        0.7,
        0.8,
        0.9
      ],
      "C_matrix": [
        [
          0.3908,
          0.0608,
          -0.0605,
          0.1407,
          -0.0823
        ],
        [
          -0.2066,
          -1.3791,
          0.1988,
          -1.0613,
          0.5223
        ],
        [
          2.0946,
          0.0104,
          -0.2135,
          0.1291,
          -0.3558
        ],
        [
          8.531,
          -0.808,
          -0.4912,
          -0.8401,
          -0.5831
        ],
        [
          -0.0519,
          -2.65,
          -0.1141,
          0.4237,
          -2.2731
        ]
      ]
    },
    "analytical": {
      "cv": 0.455321,
      "rho_J": 0.7,
      "commutator_norm": 0.601,
      "D_diagonal": [
        0.1,
        0.3,
        0.5,
        0.7,
        0.95
      ],
      "C_matrix": [
        [
          0.0,
          0.0,
          0.0,
          0.0,
          0.5
        ],
        [
          0.0,
          0.0,
          0.0,
          0.0,
          0.0
        ],
        [
          0.0,
          0.0,
          0.0,
          0.0,
          0.0
        ],
        [
          0.0,
          0.0,
          0.0,
          0.0,
          0.0
        ],
        [
          -0.5,
          0.0,
          0.0,
          0.0,
          0.0
        ]
      ]
    }
  },
  "worst_cv_found": 2.980159,
  "conclusion": "Worst CV while maintaining contractivity: 2.9802"
}