{
  "random": {
    "metric_cvs": {
      "M_I": {
        "mean": 3.0883637200729286,
        "std": 3.788421157175142
      },
      "M_CtC": {
        "mean": 3.125853050626683,
        "std": 3.7597631980803086
      },
      "M_generalized": {
        "mean": 2.5137582906273073,
        "std": 2.9587186084935806
      },
      "M_nullspace": {
        "mean": 2.7070557642267,
        "std": 3.0165883170744188
      },
      "M_conservation_nullspace": {
        "mean": Infinity,
        "std": NaN
      }
    },
    "P_structure": {
      "corr_CtC": 0.014362057574086299,
      "corr_I": -0.01150300198157231,
      "comm_norm": 0.248747128491703,
      "poly_residual": 0.9362224631367229
    }
  },
  "hebbian": {
    "metric_cvs": {
      "M_I": {
        "mean": 5.666933568167207,
        "std": 5.466611419112216
      },
      "M_CtC": {
        "mean": 5.047647469889581,
        "std": 4.872192248447121
      },
      "M_generalized": {
        "mean": 3.7719098921818146,
        "std": 3.5788134383619545
      },
      "M_nullspace": {
        "mean": 4.8978455793216344,
        "std": 4.521913258421535
      },
      "M_conservation_nullspace": {
        "mean": 4.519122501149019,
        "std": 4.263156018867677
      }
    },
    "P_structure": {
      "corr_CtC": -0.013040582169126184,
      "corr_I": 0.0060727492082748484,
      "comm_norm": 0.3891031884844696,
      "poly_residual": 0.9538940273117791
    }
  },
  "attention": {
    "metric_cvs": {
      "M_I": {
        "mean": 1.5466080735091843,
        "std": 1.3348875797939461
      },
      "M_CtC": {
        "mean": 0.42324169434889697,
        "std": 0.2131255436166543
      },
      "M_generalized": {
        "mean": 0.41215176583464247,
        "std": 0.20917742562570737
      },
      "M_nullspace": {
        "mean": 1.846181424192647,
        "std": 1.7359828022517778
      },
      "M_conservation_nullspace": {
        "mean": 0.5453197895033082,
        "std": 0.3342361096582271
      }
    },
    "P_structure": {
      "corr_CtC": -0.007543135364315608,
      "corr_I": 0.03818293349510877,
      "comm_norm": 0.2721577089951103,
      "poly_residual": 0.9205168222628844
    }
  },
  "symmetric": {
    "metric_cvs": {
      "M_I": {
        "mean": 1.9965078357728487,
        "std": 3.768280578800811
      },
      "M_CtC": {
        "mean": 1.7304537156910158,
        "std": 3.1945284341600155
      },
      "M_generalized": {
        "mean": 1.319455029699747,
        "std": 2.4025028956305974
      },
      "M_nullspace": {
        "mean": 1.7405762257570492,
        "std": 2.7116069360897495
      },
      "M_conservation_nullspace": {
        "mean": Infinity,
        "std": NaN
      }
    },
    "P_structure": {
      "corr_CtC": -0.009823302653756942,
      "corr_I": 0.01107859211752915,
      "comm_norm": 0.2744061719337409,
      "poly_residual": 0.9397111808183914
    }
  },
  "scale_dependence": {
    "0.3": {
      "M_I": 2.8873275956811524,
      "M_CtC": 3.193704308504611,
      "M_gen": 2.8248274613598037,
      "M_cons": Infinity,
      "jacobian_sr_fp": 0.8411830878102857
    },
    "0.5": {
      "M_I": 2.981813103929513,
      "M_CtC": 3.156559626764932,
      "M_gen": 2.7656855082871004,
      "M_cons": Infinity,
      "jacobian_sr_fp": 0.8318972864400807
    },
    "1.0": {
      "M_I": 4.420254894477718,
      "M_CtC": 4.807289879431753,
      "M_gen": 4.173180977557648,
      "M_cons": Infinity,
      "jacobian_sr_fp": 0.8641850747041776
    },
    "1.5": {
      "M_I": 2.462927168697296,
      "M_CtC": 2.7281683334685725,
      "M_gen": 2.316598058006414,
      "M_cons": Infinity,
      "jacobian_sr_fp": 0.8572889053967896
    },
    "2.0": {
      "M_I": 1.7631868391181145,
      "M_CtC": 1.957644220555007,
      "M_gen": 1.7180155620574813,
      "M_cons": Infinity,
      "jacobian_sr_fp": 0.8118144382350743
    },
    "3.0": {
      "M_I": 2.069440484596502,
      "M_CtC": 1.8868059859205535,
      "M_gen": 1.7582036941252184,
      "M_cons": Infinity,
      "jacobian_sr_fp": 0.8685107890716826
    },
    "5.0": {
      "M_I": 3.33909538144806,
      "M_CtC": 3.474340963395618,
      "M_gen": 2.7262979172846555,
      "M_cons": Infinity,
      "jacobian_sr_fp": 0.8082198913490455
    }
  },
  "contraction_conservation_corr": {
    "jr_vs_cvI": 0.17915576531035937,
    "jr_vs_cv_cons": NaN
  }
}