{
  "experiment": "dimensional_transmutation",
  "lattice": {
    "radius": 12,
    "n_sites": 469
  },
  "results": [
    {
      "noise_sigma": 0.005,
      "effective_dimension": 1,
      "top_5_eigenvalues": [
        646.4609503624367,
        24.707645693797453,
        2.228412680398288,
        0.5311556786356677,
        0.14307765205532216
      ],
      "configurational_entropy": 1.7227537022912083,
      "correlation_length": 5.63164380207906,
      "L_emergent": 4.012678324659105,
      "satisfaction_fraction": 0.509594882729211,
      "n_violated": 230,
      "temporal_variance": 0.003067432327478965,
      "spatial_correlations": {
        "0": 0.9449713305356503,
        "1": 0.9251559274809368,
        "2": 0.8743445120355932,
        "3": 0.7165353334680076,
        "4": 0.4481305745556124,
        "5": 0.4594283531636968,
        "6": 0.3144907923249446,
        "7": 0.19640575896570106,
        "8": 0.040389273088147826
      }
    },
    {
      "noise_sigma": 0.01,
      "effective_dimension": 2,
      "top_5_eigenvalues": [
        1110.9968664519065,
        49.587287346706425,
        7.133630878123326,
        0.8735476269153439,
        0.47244067196080153
      ],
      "configurational_entropy": 1.7987309325742051,
      "correlation_length": 5.057858113256231,
      "L_emergent": 2.700044847166276,
      "satisfaction_fraction": 0.4136460554371002,
      "n_violated": 275,
      "temporal_variance": 0.005326793639412982,
      "spatial_correlations": {
        "0": 0.9195588634648406,
        "1": 0.9961047181366136,
        "2": 0.7226109164366208,
        "3": 0.5987588808218836,
        "4": 0.5113977644398932,
        "5": 0.3795575395394198,
        "6": 0.1777172493754481,
        "7": -0.0029139082385541953,
        "8": -0.12123366388743652
      }
    },
    {
      "noise_sigma": 0.02,
      "effective_dimension": 2,
      "top_5_eigenvalues": [
        2248.4384447746356,
        211.66847862625949,
        47.79804455954985,
        5.633762488840432,
        3.065986899612654
      ],
      "configurational_entropy": 1.8584879350670236,
      "correlation_length": 4.966862789794706,
      "L_emergent": 4.674397098905299,
      "satisfaction_fraction": 0.6098081023454158,
      "n_violated": 183,
      "temporal_variance": 0.011491922320276862,
      "spatial_correlations": {
        "0": 0.7976067513572497,
        "1": 0.9088606956105135,
        "2": 0.8392815143999237,
        "3": 0.6805186212263554,
        "4": 0.5732431408435863,
        "5": 0.36084102770016,
        "6": 0.23488634491800575,
        "7": 0.047230330179626974,
        "8": -0.10508874144195911
      }
    },
    {
      "noise_sigma": 0.05,
      "effective_dimension": 4,
      "top_5_eigenvalues": [
        1555.1837672730583,
        80.87248075722519,
        20.604937614105083,
        11.69565916131893,
        8.192476596252861
      ],
      "configurational_entropy": 2.255322018068353,
      "correlation_length": 3.8257622713016697,
      "L_emergent": 3.517766033842036,
      "satisfaction_fraction": 0.6012793176972282,
      "n_violated": 187,
      "temporal_variance": 0.00792932126455199,
      "spatial_correlations": {
        "0": 1.0367664845749547,
        "1": 1.059652317825147,
        "2": 0.8787299810455853,
        "3": 0.5677198385282025,
        "4": 0.3257126600678125,
        "5": -0.10823960513372657,
        "6": -0.13420067668851407,
        "7": -0.24388923012251776,
        "8": -0.3081215545674735
      }
    },
    {
      "noise_sigma": 0.1,
      "effective_dimension": 18,
      "top_5_eigenvalues": [
        1779.0826177529807,
        132.88404521803477,
        53.56882076150438,
        35.201861275469525,
        27.41659094255541
      ],
      "configurational_entropy": 2.4316495147129844,
      "correlation_length": 3.8455780863699127,
      "L_emergent": 2.2391196232811104,
      "satisfaction_fraction": 0.44136460554371004,
      "n_violated": 262,
      "temporal_variance": 0.010392142218096029,
      "spatial_correlations": {
        "0": 0.9178122571015799,
        "1": 1.0165220249953593,
        "2": 0.8061809988573416,
        "3": 0.5368192826558016,
        "4": 0.3370271591280714,
        "5": 0.15340916229414564,
        "6": 0.04052322772518668,
        "7": -0.20824252322077003,
        "8": -0.24546327135882814
      }
    },
    {
      "noise_sigma": 0.2,
      "effective_dimension": 39,
      "top_5_eigenvalues": [
        2311.9539098447544,
        272.9000163449824,
        167.71498757735134,
        114.37497910747507,
        102.35368867429003
      ],
      "configurational_entropy": 2.5008447762696475,
      "correlation_length": 4.591873185332979,
      "L_emergent": 3.352378612745927,
      "satisfaction_fraction": 0.5181236673773987,
      "n_violated": 226,
      "temporal_variance": 0.0181777598800306,
      "spatial_correlations": {
        "0": 1.0617114875796783,
        "1": 0.8698050274394549,
        "2": 0.699930059042474,
        "3": 0.6669579375933768,
        "4": 0.49282838537435875,
        "5": 0.28172075742425656,
        "6": 0.23773228015210118,
        "7": 0.2677476357505233,
        "8": 0.1358029105067253
      }
    },
    {
      "noise_sigma": 0.4,
      "effective_dimension": 56,
      "top_5_eigenvalues": [
        2868.2746252993525,
        1096.888918904955,
        767.1488623282369,
        508.4143634347053,
        493.46093145301455
      ],
      "configurational_entropy": 2.6737901956298913,
      "correlation_length": 4.724584801390015,
      "L_emergent": 3.5979179708970035,
      "satisfaction_fraction": 0.5330490405117271,
      "n_violated": 219,
      "temporal_variance": 0.04495884181647083,
      "spatial_correlations": {
        "0": 1.3246692129844233,
        "1": 0.9079109154951455,
        "2": 0.8097046354988107,
        "3": 0.651836122755902,
        "4": 0.43573086280624745,
        "5": 0.3420890675261896,
        "6": 0.07550348740425449,
        "7": -0.03266526796318947,
        "8": -0.16252527190958482
      }
    },
    {
      "noise_sigma": 0.8,
      "effective_dimension": 46,
      "top_5_eigenvalues": [
        13369.305863835456,
        7859.0346725874615,
        5458.876572300293,
        3392.297832553099,
        2477.2832770349473
      ],
      "configurational_entropy": 2.844961577565349,
      "correlation_length": 2.2294832373216233,
      "L_emergent": 1.2310778586347888,
      "satisfaction_fraction": 0.42430703624733473,
      "n_violated": 270,
      "temporal_variance": 0.23504380615537768,
      "spatial_correlations": {
        "0": 1.158034285654496,
        "1": 0.6362417947894589,
        "2": 0.4250692969941387,
        "3": 0.17585782303125325,
        "4": 0.06343639068685092,
        "5": -0.08697385985357858,
        "6": -0.01328006256277477,
        "7": -0.17603819857360575,
        "8": -0.12455055150237863
      }
    }
  ],
  "conclusion": "Dimensional transmutation observed: effective dimensionality of the constraint field changes with noise level. At low noise: field frozen (low temporal variance, low dimension). At moderate noise: rich dynamics (high temporal variance, high dimension \u2014 emergence!). At high noise: dominated by chaos. This demonstrates CMDT: constraints generate emergent effective dimensions near the phase transition boundary."
}