{
  "homo_FP32": {
    "precisions": [
      "FP32",
      "FP32",
      "FP32",
      "FP32",
      "FP32"
    ],
    "gamma_trajectory_last20": [
      0.074215,
      0.085134,
      0.085544,
      0.070721,
      0.053731,
      0.059535,
      0.068878,
      0.075216,
      0.069635,
      0.071549,
      0.048966,
      0.051678,
      0.058958,
      0.056948,
      0.056445,
      0.050502,
      0.060895,
      0.06214,
      0.05242,
      0.033446
    ],
    "gamma_floor_last100": 0.07001991000676905,
    "gamma_round_30": 0.019323765001201254,
    "gamma_round_100": 0.1401005417870742,
    "gamma_round_200": 0.09397532119254892,
    "min_gamma": 0.004784611240066905,
    "max_gamma": 0.15941329947141436
  },
  "homo_FP16": {
    "precisions": [
      "FP16",
      "FP16",
      "FP16",
      "FP16",
      "FP16"
    ],
    "gamma_trajectory_last20": [
      0.097822,
      0.093713,
      0.085657,
      0.094941,
      0.08454,
      0.079608,
      0.096527,
      0.095955,
      0.085918,
      0.092223,
      0.099389,
      0.099951,
      0.113061,
      0.109228,
      0.088515,
      0.078342,
      0.079318,
      0.090893,
      0.103286,
      0.107231
    ],
    "gamma_floor_last100": 0.0652511423078495,
    "gamma_round_30": 0.016949034835800125,
    "gamma_round_100": 0.026512112610639793,
    "gamma_round_200": 0.08386054674006704,
    "min_gamma": 0.0007091270519936632,
    "max_gamma": 0.11306063960955948
  },
  "homo_INT8": {
    "precisions": [
      "INT8",
      "INT8",
      "INT8",
      "INT8",
      "INT8"
    ],
    "gamma_trajectory_last20": [
      0.073766,
      0.067859,
      0.075959,
      0.085558,
      0.092739,
      0.084027,
      0.07675,
      0.080239,
      0.077704,
      0.081206,
      0.08993,
      0.088726,
      0.095813,
      0.094268,
      0.099076,
      0.096724,
      0.105362,
      0.105904,
      0.08839,
      0.099113
    ],
    "gamma_floor_last100": 0.10947947452218017,
    "gamma_round_30": 0.042967247878355375,
    "gamma_round_100": 0.06314496906934286,
    "gamma_round_200": 0.17617873609820078,
    "min_gamma": 0.002539092266191645,
    "max_gamma": 0.1904466255306776
  },
  "mix_FP32_FP16": {
    "precisions": [
      "FP32",
      "FP32",
      "FP16",
      "FP16",
      "FP16"
    ],
    "gamma_trajectory_last20": [
      0.019102,
      0.026234,
      0.027539,
      0.027146,
      0.017351,
      0.028991,
      0.024429,
      0.02088,
      0.009299,
      0.024883,
      0.040272,
      0.021909,
      0.013665,
      0.022125,
      0.009192,
      0.024,
      0.016283,
      0.016717,
      0.015362,
      0.017042
    ],
    "gamma_floor_last100": 0.038630255166182875,
    "gamma_round_30": 0.04882939630598715,
    "gamma_round_100": 0.031265527815035776,
    "gamma_round_200": 0.0488945065050892,
    "min_gamma": 0.003955790315520735,
    "max_gamma": 0.1055589829012642
  },
  "mix_FP32_INT8": {
    "precisions": [
      "FP32",
      "FP32",
      "INT8",
      "INT8",
      "INT8"
    ],
    "gamma_trajectory_last20": [
      0.076868,
      0.071947,
      0.087696,
      0.097467,
      0.09988,
      0.106787,
      0.11114,
      0.102273,
      0.107326,
      0.11399,
      0.123829,
      0.134765,
      0.13638,
      0.128249,
      0.118659,
      0.109854,
      0.099387,
      0.113977,
      0.111738,
      0.112267
    ],
    "gamma_floor_last100": 0.08018214689232782,
    "gamma_round_30": 0.05755860378045363,
    "gamma_round_100": 0.02296093772712826,
    "gamma_round_200": 0.0990073398388085,
    "min_gamma": 0.009690059272927876,
    "max_gamma": 0.18620649774681874
  },
  "mix_all": {
    "precisions": [
      "FP32",
      "FP16",
      "FP16",
      "INT8",
      "INT8"
    ],
    "gamma_trajectory_last20": [
      0.141351,
      0.168269,
      0.160753,
      0.14498,
      0.141828,
      0.120945,
      0.117107,
      0.114904,
      0.110078,
      0.118113,
      0.125542,
      0.123538,
      0.134725,
      0.135794,
      0.113637,
      0.09929,
      0.095434,
      0.09929,
      0.111858,
      0.092732
    ],
    "gamma_floor_last100": 0.11008805066980092,
    "gamma_round_30": 0.05491451119172086,
    "gamma_round_100": 0.09124777917943083,
    "gamma_round_200": 0.08473345779038577,
    "min_gamma": 0.003971395611582773,
    "max_gamma": 0.16826924801336873
  }
}