{
  "homo_FP64": {
    "precisions": [
      "FP64",
      "FP64",
      "FP64",
      "FP64",
      "FP64"
    ],
    "mean_gh": 1.6694163835647184,
    "std_gh": 0.002928327266669574,
    "cv_gh": 0.001754102389013754,
    "mean_gamma": 0.06907246009179008,
    "mean_H": 1.6003439234729284,
    "final_gamma": 0.06566244291183221,
    "final_H": 1.600418954831516,
    "gh_trajectory_last10": [
      1.6675,
      1.6678,
      1.6673,
      1.6667,
      1.6662,
      1.6662,
      1.667,
      1.6669,
      1.667,
      1.6661
    ],
    "C_estimate": 37.712270175251675,
    "V_eff": 4500000000000000.0
  },
  "homo_FP32": {
    "precisions": [
      "FP32",
      "FP32",
      "FP32",
      "FP32",
      "FP32"
    ],
    "mean_gh": 1.6336711036025917,
    "std_gh": 0.0018056063876035124,
    "cv_gh": 0.0011052447359947586,
    "mean_gamma": 0.03218992659479328,
    "mean_H": 1.6014811770077984,
    "final_gamma": 0.028699052601334207,
    "final_H": 1.6019029592679601,
    "gh_trajectory_last10": [
      1.6315,
      1.6316,
      1.6318,
      1.631,
      1.6304,
      1.6297,
      1.6291,
      1.6298,
      1.6296,
      1.6306
    ],
    "C_estimate": 17.577413367416135,
    "V_eff": 8400000.0
  },
  "homo_FP16": {
    "precisions": [
      "FP16",
      "FP16",
      "FP16",
      "FP16",
      "FP16"
    ],
    "mean_gh": 1.7593596405916208,
    "std_gh": 0.007278289652187554,
    "cv_gh": 0.004136897018815369,
    "mean_gamma": 0.15517034183902628,
    "mean_H": 1.6041892987525943,
    "final_gamma": 0.16760755681534012,
    "final_H": 1.6039468653919573,
    "gh_trajectory_last10": [
      1.7694,
      1.7703,
      1.7703,
      1.7708,
      1.7703,
      1.7712,
      1.7711,
      1.7706,
      1.7709,
      1.7716
    ],
    "C_estimate": 8.690831446191075,
    "V_eff": 1024
  },
  "homo_INT8": {
    "precisions": [
      "INT8",
      "INT8",
      "INT8",
      "INT8",
      "INT8"
    ],
    "mean_gh": 1.6524663178243706,
    "std_gh": 0.0,
    "cv_gh": 0.0,
    "mean_gamma": 0.055591962275836515,
    "mean_H": 1.596874355548534,
    "final_gamma": 0.055591962275836515,
    "final_H": 1.596874355548534,
    "gh_trajectory_last10": [
      1.6525,
      1.6525,
      1.6525,
      1.6525,
      1.6525,
      1.6525,
      1.6525,
      1.6525,
      1.6525,
      1.6525
    ],
    "C_estimate": 7.197643762303933,
    "V_eff": 256
  },
  "hetero_gradual": {
    "precisions": [
      "FP64",
      "FP32",
      "FP16",
      "FP16",
      "INT8"
    ],
    "mean_gh": 1.6759569483075063,
    "std_gh": 0.0026215312988579066,
    "cv_gh": 0.0015641996660506732,
    "mean_gamma": 0.0808175051759382,
    "mean_H": 1.5951394431315682,
    "final_gamma": 0.07599511462446595,
    "final_H": 1.5952194705525404,
    "gh_trajectory_last10": [
      1.673,
      1.6725,
      1.6726,
      1.6726,
      1.6725,
      1.6726,
      1.6717,
      1.6714,
      1.6719,
      1.6712
    ],
    "C_estimate": 15.9549003705433,
    "V_eff": 1589521.2404759151
  },
  "hetero_extreme": {
    "precisions": [
      "FP64",
      "FP64",
      "INT8",
      "INT8",
      "INT4"
    ],
    "mean_gh": 1.7454796640467403,
    "std_gh": 0.0010446312962075512,
    "cv_gh": 0.0005984780675047602,
    "mean_gamma": 0.15541181868762421,
    "mean_H": 1.5900678453591162,
    "final_gamma": 0.15461928732058028,
    "final_H": 1.5901637803476516,
    "gh_trajectory_last10": [
      1.7443,
      1.7444,
      1.7447,
      1.7448,
      1.7444,
      1.7448,
      1.7446,
      1.744,
      1.7444,
      1.7448
    ],
    "C_estimate": 18.935209902961304,
    "V_eff": 29201488.410873838
  },
  "hetero_balanced": {
    "precisions": [
      "FP32",
      "FP32",
      "FP16",
      "INT8",
      "INT8"
    ],
    "mean_gh": 1.74450635479546,
    "std_gh": 0.0016916255344442833,
    "cv_gh": 0.0009696872297393397,
    "mean_gamma": 0.14460687221797475,
    "mean_H": 1.599899482577485,
    "final_gamma": 0.14561569898680649,
    "final_H": 1.5999074728955254,
    "gh_trajectory_last10": [
      1.7451,
      1.7444,
      1.7435,
      1.7436,
      1.7443,
      1.7439,
      1.7443,
      1.7448,
      1.7451,
      1.7455
    ],
    "C_estimate": 11.726368599232593,
    "V_eff": 21630.55644950676
  }
}