{
  "static_fp32": {
    "final_error": 0.003966537842694443,
    "convergence_round": 30,
    "mean_gh_last50": 2.7035052083291844,
    "cv_last50": 0.0006701778699916488,
    "error_trajectory": [
      2.1927,
      1.313,
      0.7871,
      0.4703,
      0.2806,
      0.1679,
      0.0999,
      0.0616,
      0.0357,
      0.0222,
      0.0134,
      0.0068,
      0.0057,
      0.0044,
      0.0043
    ],
    "gh_trajectory": [
      1.64,
      2.1661,
      2.4379,
      2.5695,
      2.6328,
      2.6663,
      2.6837,
      2.6905,
      2.6962,
      2.6987,
      2.7007,
      2.7014,
      2.7025,
      2.7035,
      2.7062
    ]
  },
  "static_mixed": {
    "final_error": 0.504456909681757,
    "convergence_round": 26,
    "mean_gh_last50": 2.3527630669549056,
    "cv_last50": 0.00021830353716935385,
    "error_trajectory": [
      2.2434,
      1.3693,
      0.8774,
      0.6222,
      0.5452,
      0.5245,
      0.5087,
      0.506,
      0.505,
      0.5046,
      0.5045,
      0.5045,
      0.5045,
      0.5045,
      0.5045
    ],
    "gh_trajectory": [
      1.7305,
      2.1031,
      2.262,
      2.2843,
      2.3136,
      2.3236,
      2.3465,
      2.3504,
      2.3524,
      2.3525,
      2.3526,
      2.3519,
      2.3524,
      2.3526,
      2.3536
    ]
  },
  "anneal_up": {
    "final_error": 0.004268093355061332,
    "convergence_round": 26,
    "mean_gh_last50": 2.695793937563784,
    "cv_last50": 0.002674763610505038,
    "error_trajectory": [
      2.1162,
      1.2913,
      0.8106,
      0.6081,
      0.6081,
      0.577,
      0.3446,
      0.2051,
      0.1225,
      0.0749,
      0.0446,
      0.0258,
      0.0165,
      0.0097,
      0.0067
    ],
    "gh_trajectory": [
      1.6172,
      2.224,
      2.4123,
      2.3698,
      2.3698,
      2.3896,
      2.527,
      2.6002,
      2.6447,
      2.667,
      2.6809,
      2.6889,
      2.6953,
      2.698,
      2.703
    ]
  },
  "anneal_down": {
    "final_error": 0.02665532638689948,
    "convergence_round": 28,
    "mean_gh_last50": 2.709793180751181,
    "cv_last50": 0.0,
    "error_trajectory": [
      2.0967,
      1.2562,
      0.7518,
      0.4508,
      0.2704,
      0.1624,
      0.0987,
      0.0582,
      0.0332,
      0.0197,
      0.0267,
      0.0267,
      0.0267,
      0.0267,
      0.0267
    ],
    "gh_trajectory": [
      1.746,
      2.2456,
      2.4779,
      2.59,
      2.6455,
      2.6734,
      2.6862,
      2.6959,
      2.6993,
      2.7003,
      2.7098,
      2.7098,
      2.7098,
      2.7098,
      2.7098
    ]
  },
  "gradual_anneal": {
    "final_error": 0.004316389679337576,
    "convergence_round": 32,
    "mean_gh_last50": 2.702941516496835,
    "cv_last50": 0.0006368523520931462,
    "error_trajectory": [
      2.0161,
      1.224,
      0.7259,
      0.4403,
      0.2664,
      0.159,
      0.0932,
      0.0568,
      0.034,
      0.0205,
      0.0133,
      0.0075,
      0.0056,
      0.0061,
      0.0038
    ],
    "gh_trajectory": [
      1.6608,
      2.1036,
      2.4157,
      2.554,
      2.6207,
      2.6591,
      2.682,
      2.6916,
      2.6982,
      2.7022,
      2.6998,
      2.7007,
      2.7018,
      2.7034,
      2.7047
    ]
  }
}