{
  "homo_FP64": {
    "hi_bits": 52,
    "lo_bits": 52,
    "beta_50": 0.15151515151515152,
    "beta_10": 0.0,
    "beta_90": 0.40404040404040403,
    "transition_width": 0.40404040404040403,
    "overlap_at_1.0": 0.9871922330261428
  },
  "homo_FP32": {
    "hi_bits": 23,
    "lo_bits": 23,
    "beta_50": 0.15151515151515152,
    "beta_10": 0.0,
    "beta_90": 0.40404040404040403,
    "transition_width": 0.40404040404040403,
    "overlap_at_1.0": 0.9880329687898884
  },
  "homo_FP16": {
    "hi_bits": 10,
    "lo_bits": 10,
    "beta_50": 0.15151515151515152,
    "beta_10": 0.0,
    "beta_90": 0.40404040404040403,
    "transition_width": 0.40404040404040403,
    "overlap_at_1.0": 0.9877350912039191
  },
  "homo_INT8": {
    "hi_bits": 7,
    "lo_bits": 7,
    "beta_50": 0.15151515151515152,
    "beta_10": 0.0,
    "beta_90": 0.40404040404040403,
    "transition_width": 0.40404040404040403,
    "overlap_at_1.0": 0.9876082332712363
  },
  "mixed_FP64_INT8": {
    "hi_bits": 52,
    "lo_bits": 7,
    "beta_50": 0.10101010101010101,
    "beta_10": 0.0,
    "beta_90": 0.40404040404040403,
    "transition_width": 0.40404040404040403,
    "overlap_at_1.0": 0.9866120546597058
  },
  "mixed_FP32_FP16": {
    "hi_bits": 23,
    "lo_bits": 10,
    "beta_50": 0.15151515151515152,
    "beta_10": 0.0,
    "beta_90": 0.40404040404040403,
    "transition_width": 0.40404040404040403,
    "overlap_at_1.0": 0.9870539656260917
  },
  "mixed_FP64_FP16": {
    "hi_bits": 52,
    "lo_bits": 10,
    "beta_50": 0.15151515151515152,
    "beta_10": 0.0,
    "beta_90": 0.35353535353535354,
    "transition_width": 0.35353535353535354,
    "overlap_at_1.0": 0.9880152952267733
  },
  "extreme_FP64_2bit": {
    "hi_bits": 52,
    "lo_bits": 2,
    "beta_50": 0.15151515151515152,
    "beta_10": 0.0,
    "beta_90": 0.5050505050505051,
    "transition_width": 0.5050505050505051,
    "overlap_at_1.0": 0.9822534142336234
  }
}