{
  "exp1_state_dependent": {
    "attention_state": {
      "gh_mean": 2.4410401012663483,
      "gh_std": 0.10049067447552126,
      "gh_cv": 0.04117005560781761,
      "gh_range": 0.5839988701547806,
      "tr_c2_mean": 1.04548654188536,
      "tr_c2_std": 0.09613741290872277,
      "tr_c2_cv": 0.0919416632854384,
      "gamma_mean": 0.5457479902889746,
      "H_mean": 1.8952921109773744,
      "gh_H_corr": -0.07845044910999555,
      "trc2_gh_corr": 0.03214422476942763,
      "n_points": 450.0
    },
    "hebbian_raw": {
      "gh_mean": 0.9999999999993143,
      "gh_std": 1.751341139885966e-13,
      "gh_cv": 1.7513411398871685e-13,
      "gh_range": 1.1731615678911566e-12,
      "tr_c2_mean": 0.999999999998629,
      "tr_c2_std": 3.502840539191993e-13,
      "tr_c2_cv": 3.5028405391968067e-13,
      "gamma_mean": 0.9999999999993143,
      "H_mean": 0.0,
      "gh_H_corr": 0.0,
      "trc2_gh_corr": 0.9999983245731645,
      "n_points": 450.0
    },
    "hebbian_normalized": {
      "gh_mean": 1.5697206698883994,
      "gh_std": 0.08299879114662459,
      "gh_cv": 0.05287240088750744,
      "gh_range": 0.49842715535434046,
      "tr_c2_mean": 1.0,
      "tr_c2_std": 1.0042074121047125e-16,
      "tr_c2_cv": 1.0042074121047116e-16,
      "gamma_mean": 0.9294102698253296,
      "H_mean": 0.6403104000630696,
      "gh_H_corr": -0.6851265182950612,
      "trc2_gh_corr": 0.0,
      "n_points": 450.0
    },
    "random_fixed": {
      "gh_mean": 2.178051184966027,
      "gh_std": 5.773159728050814e-16,
      "gh_cv": 2.6503712381747033e-16,
      "gh_range": 0.0,
      "tr_c2_mean": 10.347032625072858,
      "tr_c2_std": 1.2434497875801752e-15,
      "tr_c2_cv": 1.202905127392892e-16,
      "gamma_mean": 0.09983136285411716,
      "H_mean": 2.07821982211191,
      "gh_H_corr": 0.0,
      "trc2_gh_corr": 0.0,
      "n_points": 450.0
    },
    "random_evolving": {
      "gh_mean": 2.208231593687303,
      "gh_std": 0.11239584562517216,
      "gh_cv": 0.05089705094610221,
      "gh_range": 0.7049126784501365,
      "tr_c2_mean": 10.50587050842751,
      "tr_c2_std": 1.035104921032486,
      "tr_c2_cv": 0.09852877287142572,
      "gamma_mean": 0.1254837322551824,
      "H_mean": 2.0827478614321207,
      "gh_H_corr": -0.024603983376786286,
      "trc2_gh_corr": 0.054848538316300176,
      "n_points": 450.0
    }
  },
  "exp2_temperature": [
    {
      "temperature": 0.05,
      "gh_cv": 0.057212131657239915,
      "tr_c2_cv": 0.0009704737726605042,
      "gh_H_corr": -0.661616028877824,
      "trc2_gh_corr": 0.40273415823762326,
      "gh_mean": 1.362884319040974,
      "tr_c2_mean": 1.0014541384085411,
      "rho_mean": 0
    },
    {
      "temperature": 0.1,
      "gh_cv": 0.045726313090922635,
      "tr_c2_cv": 0.0002765855541320497,
      "gh_H_corr": -0.6740041204541373,
      "trc2_gh_corr": 0.3565526269362006,
      "gh_mean": 1.1788602360485916,
      "tr_c2_mean": 1.0004208370080443,
      "rho_mean": 0
    },
    {
      "temperature": 0.3,
      "gh_cv": 0.02015781069749685,
      "tr_c2_cv": 3.199458499809654e-05,
      "gh_H_corr": -0.7103857911423526,
      "trc2_gh_corr": 0.4398196984212438,
      "gh_mean": 1.0654131305402044,
      "tr_c2_mean": 1.000049138730566,
      "rho_mean": 0
    },
    {
      "temperature": 0.5,
      "gh_cv": 0.013324383400120569,
      "tr_c2_cv": 1.1577270163764282e-05,
      "gh_H_corr": -0.7211983011775147,
      "trc2_gh_corr": 0.4642704456532624,
      "gh_mean": 1.041866884538732,
      "tr_c2_mean": 1.0000178021966246,
      "rho_mean": 0
    },
    {
      "temperature": 1.0,
      "gh_cv": 0.007485965068401939,
      "tr_c2_cv": 2.904143250751416e-06,
      "gh_H_corr": -0.7321364108858803,
      "trc2_gh_corr": 0.48773280341097874,
      "gh_mean": 1.0229113591476204,
      "tr_c2_mean": 1.0000044690849605,
      "rho_mean": 0
    },
    {
      "temperature": 2.0,
      "gh_cv": 0.004150894642500281,
      "tr_c2_cv": 7.271684191961719e-07,
      "gh_H_corr": -0.7398234107978925,
      "trc2_gh_corr": 0.5036691458879957,
      "gh_mean": 1.0125033777516337,
      "tr_c2_mean": 1.0000011193979244,
      "rho_mean": 0
    },
    {
      "temperature": 5.0,
      "gh_cv": 0.0018727846675613247,
      "tr_c2_cv": 1.1645191290494205e-07,
      "gh_H_corr": -0.7472870629412122,
      "trc2_gh_corr": 0.5184426683289884,
      "gh_mean": 1.0055729504748148,
      "tr_c2_mean": 1.0000001792996165,
      "rho_mean": 0
    },
    {
      "temperature": 10.0,
      "gh_cv": 0.0010158496372159023,
      "tr_c2_cv": 2.9121620665533628e-08,
      "gh_H_corr": -0.7516738007730929,
      "trc2_gh_corr": 0.5268012667412666,
      "gh_mean": 1.0030060106609453,
      "tr_c2_mean": 1.0000000448409623,
      "rho_mean": 0
    },
    {
      "temperature": 50.0,
      "gh_cv": 0.0002397865868887761,
      "tr_c2_cv": 1.1651404462905209e-09,
      "gh_H_corr": -0.7592959522006636,
      "trc2_gh_corr": 0.5408688840914403,
      "gh_mean": 1.0007040277063186,
      "tr_c2_mean": 1.000000001794149,
      "rho_mean": 0
    }
  ],
  "exp3_multi_agent": {
    "attention": [
      {
        "noise": 0.01,
        "gh_cv": 1.0984540421572889e-16,
        "tr_c2_cv": 1.8867618380500065e-16,
        "gh_H_corr": 0.0
      },
      {
        "noise": 0.05,
        "gh_cv": 1.0984540421572889e-16,
        "tr_c2_cv": 1.8867618380500065e-16,
        "gh_H_corr": 0.0
      },
      {
        "noise": 0.1,
        "gh_cv": 1.0984540421572889e-16,
        "tr_c2_cv": 1.8867618380500065e-16,
        "gh_H_corr": 0.0
      },
      {
        "noise": 0.3,
        "gh_cv": 1.0984540421572889e-16,
        "tr_c2_cv": 1.8867618380500065e-16,
        "gh_H_corr": 0.0
      },
      {
        "noise": 0.5,
        "gh_cv": 1.0984540421572889e-16,
        "tr_c2_cv": 1.8867618380500065e-16,
        "gh_H_corr": 0.0
      },
      {
        "noise": 1.0,
        "gh_cv": 1.0984540421572889e-16,
        "tr_c2_cv": 1.8867618380500065e-16,
        "gh_H_corr": 0.0
      }
    ],
    "random": [
      {
        "noise": 0.01,
        "gh_cv": 2.5800215713726584e-16,
        "tr_c2_cv": 1.1313546422833047e-16,
        "gh_H_corr": 0.0
      },
      {
        "noise": 0.05,
        "gh_cv": 2.5800215713726584e-16,
        "tr_c2_cv": 1.1313546422833047e-16,
        "gh_H_corr": 0.0
      },
      {
        "noise": 0.1,
        "gh_cv": 2.5800215713726584e-16,
        "tr_c2_cv": 1.1313546422833047e-16,
        "gh_H_corr": 0.0
      },
      {
        "noise": 0.3,
        "gh_cv": 2.5800215713726584e-16,
        "tr_c2_cv": 1.1313546422833047e-16,
        "gh_H_corr": 0.0
      },
      {
        "noise": 0.5,
        "gh_cv": 2.5800215713726584e-16,
        "tr_c2_cv": 1.1313546422833047e-16,
        "gh_H_corr": 0.0
      },
      {
        "noise": 1.0,
        "gh_cv": 2.5800215713726584e-16,
        "tr_c2_cv": 1.1313546422833047e-16,
        "gh_H_corr": 0.0
      }
    ],
    "hebbian_norm": [
      {
        "noise": 0.01,
        "gh_cv": 1.5411271056079536e-16,
        "tr_c2_cv": 1.480297366166874e-17,
        "gh_H_corr": 0.0
      },
      {
        "noise": 0.05,
        "gh_cv": 1.5411271056079536e-16,
        "tr_c2_cv": 1.480297366166874e-17,
        "gh_H_corr": 0.0
      },
      {
        "noise": 0.1,
        "gh_cv": 1.5411271056079536e-16,
        "tr_c2_cv": 1.480297366166874e-17,
        "gh_H_corr": 0.0
      },
      {
        "noise": 0.3,
        "gh_cv": 1.5411271056079536e-16,
        "tr_c2_cv": 1.480297366166874e-17,
        "gh_H_corr": 0.0
      },
      {
        "noise": 0.5,
        "gh_cv": 1.5411271056079536e-16,
        "tr_c2_cv": 1.480297366166874e-17,
        "gh_H_corr": 0.0
      },
      {
        "noise": 1.0,
        "gh_cv": 1.5411271056079536e-16,
        "tr_c2_cv": 1.480297366166874e-17,
        "gh_H_corr": 0.0
      }
    ]
  },
  "exp4_falsification": {
    "hebbian_raw_dynamic": {
      "gh_mean": 0.9999999999995305,
      "gh_std": 1.1223595834045421e-13,