{
  "exp1": {
    "diagonal": {
      "mean_cv": 1.4479207608762105e-16,
      "mean_comm": 0.0
    },
    "random": {
      "mean_cv": 1.5478719624962372e-16,
      "mean_comm": 0.3319824281101669
    },
    "anti_diag": {
      "mean_cv": 1.7293655780594517e-16,
      "mean_comm": 0.17999060814813173
    }
  },
  "exp2": {
    "0.0": {
      "mean_cv": 1.760014463073357e-16,
      "std_cv": 1.1384702880637854e-16,
      "mean_comm": 0.0,
      "std_comm": 0.0,
      "mean_rho": 1.5928366258686166,
      "mean_gh": 4.952409581069986,
      "max_cv": 4.393485559125636e-16
    },
    "0.05": {
      "mean_cv": 1.509610445099614e-16,
      "std_cv": 1.1549299147044265e-16,
      "mean_comm": 0.04914284876110646,
      "std_comm": 0.035280021677750566,
      "mean_rho": 1.472532506382056,
      "mean_gh": 5.10485831665228,
      "max_cv": 3.8167104920946455e-16
    },
    "0.1": {
      "mean_cv": 1.5155292324891534e-16,
      "std_cv": 1.0791818404409364e-16,
      "mean_comm": 0.062008837233238794,
      "std_comm": 0.07183525916021291,
      "mean_rho": 1.200908334970918,
      "mean_gh": 5.03546588810789,
      "max_cv": 4.037077691570786e-16
    },
    "0.15000000000000002": {
      "mean_cv": 1.3764690165326534e-16,
      "std_cv": 1.1423904871073335e-16,
      "mean_comm": 0.10072541761019012,
      "std_comm": 0.09361668188516617,
      "mean_rho": 1.1615949643571395,
      "mean_gh": 4.780319072005811,
      "max_cv": 4.0935438726671567e-16
    },
    "0.2": {
      "mean_cv": 1.4106417114564128e-16,
      "std_cv": 1.2059262065681496e-16,
      "mean_comm": 0.07628732308779856,
      "std_comm": 0.10644474756993734,
      "mean_rho": 1.0159603336543175,
      "mean_gh": 5.001924313698586,
      "max_cv": 4.227916612504952e-16
    },
    "0.25": {
      "mean_cv": 1.505418180084481e-16,
      "std_cv": 1.1997083072065602e-16,
      "mean_comm": 0.10689580424082486,
      "std_comm": 0.12757771655267852,
      "mean_rho": 1.0664867272373357,
      "mean_gh": 4.942056227638808,
      "max_cv": 4.1559286538452846e-16
    },
    "0.30000000000000004": {
      "mean_cv": 1.470407188279472e-16,
      "std_cv": 1.156324985203736e-16,
      "mean_comm": 0.0673068649936011,
      "std_comm": 0.1079342174494061,
      "mean_rho": 0.921400850706292,
      "mean_gh": 5.096409596903455,
      "max_cv": 3.546125214590361e-16
    },
    "0.35000000000000003": {
      "mean_cv": 1.4814882770353348e-16,
      "std_cv": 1.2050989476507762e-16,
      "mean_comm": 0.09760309747735021,
      "std_comm": 0.16943571147271952,
      "mean_rho": 0.9783628610867396,
      "mean_gh": 5.007453417153593,
      "max_cv": 3.999218096805482e-16
    },
    "0.4": {
      "mean_cv": 1.2765164545424289e-16,
      "std_cv": 1.064700153651413e-16,
      "mean_comm": 0.10501283386803406,
      "std_comm": 0.18488616709888106,
      "mean_rho": 0.9879552607021315,
      "mean_gh": 5.022988226597057,
      "max_cv": 3.5618955046442845e-16
    },
    "0.45": {
      "mean_cv": 1.5630728226110439e-16,
      "std_cv": 1.208534999478242e-16,
      "mean_comm": 0.2629657262105155,
      "std_comm": 0.2794400753300983,
      "mean_rho": 1.1043203691416406,
      "mean_gh": 5.096647877644089,
      "max_cv": 4.0350245256315897e-16
    },
    "0.5": {
      "mean_cv": 1.57680457775607e-16,
      "std_cv": 1.2882379661699079e-16,
      "mean_comm": 0.3138297790622543,
      "std_comm": 0.2685473259326821,
      "mean_rho": 1.1976944656400264,
      "mean_gh": 5.045410879991417,
      "max_cv": 4.500316439333744e-16
    },
    "0.55": {
      "mean_cv": 1.2795419261135314e-16,
      "std_cv": 1.232703206474243e-16,
      "mean_comm": 0.2047177697652864,
      "std_comm": 0.22269840320017462,
      "mean_rho": 1.1209318084734907,
      "mean_gh": 5.01669967413547,
      "max_cv": 3.905697517684769e-16
    },
    "0.6000000000000001": {
      "mean_cv": 1.5482696600641856e-16,
      "std_cv": 9.573673366136226e-17,
      "mean_comm": 0.11370935879857505,
      "std_comm": 0.1989422811468816,
      "mean_rho": 0.9733820869998833,
      "mean_gh": 5.07281116835219,
      "max_cv": 3.6865190939720415e-16
    },
    "0.65": {
      "mean_cv": 1.5983394670756272e-16,
      "std_cv": 1.190613531226565e-16,
      "mean_comm": 0.03808449832373478,
      "std_comm": 0.08981883916454911,
      "mean_rho": 0.8861036219081815,
      "mean_gh": 5.101663169257941,
      "max_cv": 4.2591822472937417e-16
    },
    "0.7000000000000001": {
      "mean_cv": 1.4311110921551746e-16,
      "std_cv": 1.0635058855143185e-16,
      "mean_comm": 0.0456669174979566,
      "std_comm": 0.10341304806117181,
      "mean_rho": 0.7941704778045646,
      "mean_gh": 5.311608747274291,
      "max_cv": 3.598167171727414e-16
    },
    "0.75": {
      "mean_cv": 1.3910520606000315e-16,
      "std_cv": 9.245484934687286e-17,
      "mean_comm": 0.06739092641037732,
      "std_comm": 0.14487516571697348,
      "mean_rho": 0.8143385582839129,
      "mean_gh": 5.258226924334458,
      "max_cv": 3.392299015041913e-16
    },
    "0.8": {
      "mean_cv": 1.7928383095570321e-16,
      "std_cv": 1.1840129816606442e-16,
      "mean_comm": 0.03874036405460502,
      "std_comm": 0.09909195122779181,
      "mean_rho": 0.8213546289974393,
      "mean_gh": 5.459945058175468,
      "max_cv": 5.475311919698753e-16
    },
    "0.8500000000000001": {
      "mean_cv": 1.600039546323129e-16,
      "std_cv": 9.579740517995291e-17,
      "mean_comm": 0.055421947588260016,
      "std_comm": 0.13992515612454168,
      "mean_rho": 0.8598710733265587,
      "mean_gh": 5.527794215148166,
      "max_cv": 4.100230258865531e-16
    },
    "0.9": {
      "mean_cv": 1.644107743532557e-16,
      "std_cv": 1.2049226440308332e-16,
      "mean_comm": 0.0653239680943897,
      "std_comm": 0.16032054625175957,
      "mean_rho": 0.9065301679421647,
      "mean_gh": 5.299776677975875,
      "max_cv": 3.985457081344887e-16
    },
    "0.9500000000000001": {
      "mean_cv": 1.443648355375795e-16,
      "std_cv": 1.1562009833288977e-16,
      "mean_comm": 0.07149436274384544,
      "std_comm": 0.16607757588763267,
      "mean_rho": 1.021286932874487,
      "mean_gh": 5.67083289241124,
      "max_cv": 4.108102227605521e-16
    },
    "1.0": {
      "mean_cv": 1.254895855281472e-16,
      "std_cv": 1.267821779757583e-16,
      "mean_comm": 0.053633823274553745,
      "std_comm": 0.10925882387308884,
      "mean_rho": 1.0704054965542742,
      "mean_gh": 5.468392682729667,
      "max_cv": 4.136676791299853e-16
    }
  },
  "exp3": {
    "0": {
      "mean_cv": 1.7058829175513418e-16,
      "std_cv": 1.1736182168990864e-16,
      "mean_comm": 0.09394165708512825,
      "mean_cv_drop": 1.7293655780594517e-16
    },
    "0.001": {
      "mean_cv": 1.4489617602443067e-16,
      "std_cv": 1.2821289520251984e-16,
      "mean_comm": 0.161557725671544,
      "mean_cv_drop": 1.7293655780594517e-16
    },
    "0.005": {
      "mean_cv": 1.68300562804135e-16,
      "std_cv": 1.1478003959007174e-16,
      "mean_comm": 0.12428136332852292,
      "mean_cv_drop": 1.7293655780594517e-16
    },
    "0.01": {
      "mean_cv": 1.5723865758207478e-16,
      "std_cv": 1.1335886010992712e-16,
      "mean_comm": 0.07823113715608815,
      "mean_cv_drop": 1.7293655780594517e-16
    },
    "0.02": {
      "mean_cv": 1.3482258367316053e-16,
      "std_cv": 1.0865176484476141e-16,
      "mean_comm": 0.13949302802538266,
      "mean_cv_drop": 1.7293655780594517e-16
    },
    "0.05": {
      "mean_cv": 1.560699072237315e-16,
      "std_cv": 1.1857191829645324e-16,
      "mean_comm": 0.13232494689611515,
      "mean_cv_drop": 1.7293655780594517e-16
    },
    "0.1": {
      "mean_cv": 1.2879383929968157e-16,
      "std_cv": 1.1334237846614263e-16,
      "mean_comm": 0.13670137499711887,
      "mean_cv_drop": 1.7293655780594517e-16
    },
    "0.2": {
      "mean_cv": 1.2810748662503434e-16,
      "std_cv": 1.1914778408659233e-16,
      "mean_comm": 0.26132357640970083,