{
  "exp1": {
    "diagonal": {
      "cv_mean": 0.1567877374274989,
      "cv_std": 0.012649770417805777,
      "comm_mean": 0.0,
      "comm_std": 0.0,
      "gh_mean": 4.907544111245808,
      "gh_std": 0.07870573843057722,
      "rho_mean": 0.01699191431395635,
      "max_cv": 0.18454155002736836
    },
    "attention": {
      "cv_mean": 0.0006120418765931339,
      "cv_std": 6.094846762372595e-05,
      "comm_mean": 9.478551617994947e-08,
      "comm_std": 6.60937277289521e-08,
      "gh_mean": 1.0009811323757871,
      "gh_std": 7.334646430238948e-05,
      "rho_mean": 1.0,
      "max_cv": 0.0007360170711459083
    },
    "hebbian": {
      "cv_mean": 2.3106294583844083e-16,
      "cv_std": 2.9053438598661573e-17,
      "comm_mean": 6.4852659628712e-16,
      "comm_std": 3.2212731447281176e-16,
      "gh_mean": 1.0,
      "gh_std": 0.0,
      "rho_mean": 0.00010775298268610607,
      "max_cv": 2.9057317281871743e-16
    },
    "random": {
      "cv_mean": 0.10480755316502256,
      "cv_std": 0.008147917233564917,
      "comm_mean": 0.0003734191276939683,
      "comm_std": 0.00010260817969217132,
      "gh_mean": 5.033098863073253,
      "gh_std": 0.06367575348953498,
      "rho_mean": 1.2052906592895978,
      "max_cv": 0.12214109278860856
    },
    "anti_diag": {
      "cv_mean": 0.14900662268505963,
      "cv_std": 0.01628998687227973,
      "comm_mean": 2.2472799346838445e-09,
      "comm_std": 6.49967381383193e-10,
      "gh_mean": 5.462083164332816,
      "gh_std": 0.0940321890944649,
      "rho_mean": 0.011242803414152392,
      "max_cv": 0.1826369720290951
    }
  },
  "exp2": {
    "0.0": {
      "cv": 0.15452942264654174,
      "cv_std": 0.014587215794533648,
      "comm": 0.0,
      "gh": 4.939575222856428,
      "max_cv": 0.19152538698318905
    },
    "0.05": {
      "cv": 0.1474751595875511,
      "cv_std": 0.011852975328884748,
      "comm": 1.2140049006643507e-08,
      "gh": 2.2731765955888417,
      "max_cv": 0.17709230648109014
    },
    "0.1": {
      "cv": 0.11155768630854405,
      "cv_std": 0.008929712468387849,
      "comm": 4.1547179142148377e-08,
      "gh": 1.6856612927140349,
      "max_cv": 0.12881414788525125
    },
    "0.15000000000000002": {
      "cv": 0.08380233662187747,
      "cv_std": 0.0061100438008970725,
      "comm": 8.327611813101371e-08,
      "gh": 1.4449600571736614,
      "max_cv": 0.09494965222330191
    },
    "0.2": {
      "cv": 0.06828266421138997,
      "cv_std": 0.004625965285342997,
      "comm": 1.3654943867636133e-07,
      "gh": 1.3099698265737416,
      "max_cv": 0.08144621669905909
    },
    "0.25": {
      "cv": 0.05346727391663891,
      "cv_std": 0.004319311086245917,
      "comm": 1.9616120238538847e-07,
      "gh": 1.2255139614680437,
      "max_cv": 0.06404001470600709
    },
    "0.30000000000000004": {
      "cv": 0.04342777849479869,
      "cv_std": 0.0040241737132502625,
      "comm": 2.80662973468404e-07,
      "gh": 1.1652918724978096,
      "max_cv": 0.05322333902373577
    },
    "0.35000000000000003": {
      "cv": 0.03296819495397834,
      "cv_std": 0.004652963217222687,
      "comm": 3.2511604771744945e-07,
      "gh": 1.1148683018451662,
      "max_cv": 0.043053959007631405
    },
    "0.4": {
      "cv": 0.024076073340341814,
      "cv_std": 0.003371502868745708,
      "comm": 3.721709881280142e-07,
      "gh": 1.0759401120267413,
      "max_cv": 0.0335305406494709
    },
    "0.45": {
      "cv": 0.016910035955171376,
      "cv_std": 0.003955833988057846,
      "comm": 4.54573457508477e-07,
      "gh": 1.0441276502796546,
      "max_cv": 0.02729109069464055
    },
    "0.5": {
      "cv": 0.0006246237079906892,
      "cv_std": 6.85204219431079e-05,
      "comm": 9.871013133496797e-08,
      "gh": 1.0009681186423032,
      "max_cv": 0.0008207898239117887
    },
    "0.55": {
      "cv": 0.017713870092647088,
      "cv_std": 0.0043192073628400855,
      "comm": 4.3166332670910595e-07,
      "gh": 1.0393272938570883,
      "max_cv": 0.030696163035054274
    },
    "0.6000000000000001": {
      "cv": 0.024414404551287537,
      "cv_std": 0.004673519634381486,
      "comm": 3.865611868778374e-07,
      "gh": 1.0687961725550745,
      "max_cv": 0.03742583061316132
    },
    "0.65": {
      "cv": 0.032380132311835924,
      "cv_std": 0.00401642063683299,
      "comm": 3.154223761058945e-07,
      "gh": 1.1021290404596245,
      "max_cv": 0.04275887652619498
    },
    "0.7000000000000001": {
      "cv": 0.0422686424317668,
      "cv_std": 0.004323081615416121,
      "comm": 2.6214170266575966e-07,
      "gh": 1.1450113741655457,
      "max_cv": 0.05575063690170442
    },
    "0.75": {
      "cv": 0.05543255073108003,
      "cv_std": 0.0058967315025694874,
      "comm": 2.018006184172058e-07,
      "gh": 1.2007337581481767,
      "max_cv": 0.07565174150458603
    },
    "0.8": {
      "cv": 0.06948333470751457,
      "cv_std": 0.006376809735702085,
      "comm": 1.3824168958621002e-07,
      "gh": 1.2797429756247864,
      "max_cv": 0.08589745454600231
    },
    "0.8500000000000001": {
      "cv": 0.08895515582166681,
      "cv_std": 0.008019346321985822,
      "comm": 8.661773044666152e-08,
      "gh": 1.4004957763716432,
      "max_cv": 0.11043263141167448
    },
    "0.9": {
      "cv": 0.11507686010293576,
      "cv_std": 0.0077437135179405136,
      "comm": 4.286825511520436e-08,
      "gh": 1.6229202386739212,
      "max_cv": 0.1401676757924964
    },
    "0.9500000000000001": {
      "cv": 0.15888821153507007,
      "cv_std": 0.012774212468032701,
      "comm": 1.3259086030905434e-08,
      "gh": 2.1777635858872775,
      "max_cv": 0.19806080881101057
    },
    "1.0": {
      "cv": 0.15080473499446978,
      "cv_std": 0.01612407091394402,
      "comm": 2.284031642418294e-09,
      "gh": 5.456049646211477,
      "max_cv": 0.19510476500505222
    }
  },
  "exp3": {
    "0": {
      "cv": 0.14905861238794788,
      "cv_std": 0.013493313160267011,
      "comm": 2.4091744989268838e-09
    },
    "0.001": {
      "cv": 0.1505207517459758,
      "cv_std": 0.01297060850344678,
      "comm": 2.2671827770466223e-09
    },
    "0.005": {
      "cv": 0.12009490815355196,
      "cv_std": 0.010690738804250375,
      "comm": 2.5621393341762253e-09
    },
    "0.01": {
      "cv": 0.10577499474861052,
      "cv_std": 0.008914312298677706,
      "comm": 3.152957586586709e-09
    },
    "0.02": {
      "cv": 0.10065754587975428,
      "cv_std": 0.008627688065310337,
      "comm": 6.805849053739851e-09
    },
    "0.05": {
      "cv": 0.09803674356461707,
      "cv_std": 0.00800437347449419,
      "comm": 5.020850149937386e-08
    },
    "0.1": {
      "cv": 0.10028129492139701,
      "cv_std": 0.009168233950937878,
      "comm": 3.6919119322792706e-07
    },
    "0.2": {
      "cv": 0.09907467755381315,
      "cv_std": 0.00868356410006869,
      "comm": 2.920713584890481e-06
    },
    "0.5": {
      "cv": 0.09826041737732122,
      "cv_std": 0.0092534278541402,
      "comm": 5.892633413556021e-05
    },
    "1.0": {
      "cv": 0.09880791725269499,
      "cv_std": 0.008297660377869966,
      "comm": 0.011055001865815412
    }
  },
  "exp5_physical": {
    "pt_symmetric_cv": 0.15228587428388457,
    "reversal_cv": 0.1266542882928609
  },
  "commutator_correlation": {
    "r": 0.14204266053206877,
    "p": 0.02470166530671527
  }
}