{
  "roc": {
    "h1_auc": 0.5434372451923077,
    "cov_auc": 0.4916352692307693,
    "res_auc": 0.4786376346153846
  },
  "fp": {
    "h1": 25707,
    "cov": 86,
    "res": 59,
    "total_norm": 26000
  },
  "zero_fp": false,
  "pass": false
}