{
  "exp1_architecture_dynamics": {
    "random": {
      "cv_mean": 0.009029163671212282,
      "cv_std": 0.02230306946817049,
      "cv_min": 3.0378072095802626e-09,
      "cv_max": 0.09568178830444779,
      "gh_mean": 2.7659540068022994,
      "gh_std_mean": 0.02432858065094794,
      "n_valid": 50,
      "frac_below_05": 0.15789473684210525,
      "spacing_std": 0.6936948947571288
    },
    "hebbian": {
      "cv_mean": 5.539677608081931e-05,
      "cv_std": 0.000210802305461434,
      "cv_min": 1.2507772069320893e-16,
      "cv_max": 0.0010525456447213334,
      "gh_mean": 2.581154889569297,
      "gh_std_mean": 0.0001386654211172498,
      "n_valid": 50,
      "frac_below_05": 0.7368421052631579,
      "spacing_std": 1.843680260271645
    },
    "attention": {
      "cv_mean": 1.3690535968259418e-16,
      "cv_std": 9.40385070419869e-17,
      "cv_min": 0.0,
      "cv_max": 3.7294036195249423e-16,
      "gh_mean": 2.997018269122997,
      "gh_std_mean": 4.1029032595989453e-16,
      "n_valid": 50,
      "frac_below_05": 0.8421052631578947,
      "spacing_std": 3.388840479115786
    }
  },
  "exp2_repulsion_threshold": {
    "target_0.1": {
      "target_frac": 0.1,
      "actual_frac_mean": 0.12631578947368421,
      "actual_frac_std": 0.05536748715108596,
      "cv_mean": 0.004577735723554199,
      "cv_std": 0.010478795920812075,
      "n_valid": 30
    },
    "target_0.2": {
      "target_frac": 0.2,
      "actual_frac_mean": 0.187719298245614,
      "actual_frac_std": 0.03766826412909454,
      "cv_mean": 0.009381202107811312,
      "cv_std": 0.019643514204539792,
      "n_valid": 30
    },
    "target_0.3": {
      "target_frac": 0.3,
      "actual_frac_mean": 0.268421052631579,
      "actual_frac_std": 0.015789473684210527,
      "cv_mean": 0.006545075708944632,
      "cv_std": 0.0168497324915941,
      "n_valid": 30
    },
    "target_0.4": {
      "target_frac": 0.4,
      "actual_frac_mean": 0.36842105263157887,
      "actual_frac_std": 5.551115123125783e-17,
      "cv_mean": 0.012515383272970733,
      "cv_std": 0.022678496100011145,
      "n_valid": 30
    },
    "target_0.5": {
      "target_frac": 0.5,
      "actual_frac_mean": 0.46315789473684194,
      "actual_frac_std": 0.0343788034074832,
      "cv_mean": 0.015045142282955037,
      "cv_std": 0.03294110002847972,
      "n_valid": 30
    },
    "target_0.6": {
      "target_frac": 0.6,
      "actual_frac_mean": 0.5157894736842106,
      "actual_frac_std": 0.07614924355863406,
      "cv_mean": 0.009989000155905422,
      "cv_std": 0.020145227931102804,
      "n_valid": 30
    },
    "target_0.7": {
      "target_frac": 0.7,
      "actual_frac_mean": 0.4771929824561404,
      "actual_frac_std": 0.11996716489318426,
      "cv_mean": 0.003928823231064521,
      "cv_std": 0.009449901958636422,
      "n_valid": 30
    },
    "target_0.8": {
      "target_frac": 0.8,
      "actual_frac_mean": 0.3964912280701754,
      "actual_frac_std": 0.10053718443434669,
      "cv_mean": 0.0065530250340845074,
      "cv_std": 0.012592278108320658,
      "n_valid": 30
    },
    "target_0.9": {
      "target_frac": 0.9,
      "actual_frac_mean": 0.27192982456140347,
      "actual_frac_std": 0.07697337181922913,
      "cv_mean": 0.008080860019060056,
      "cv_std": 0.012828183487779414,
      "n_valid": 30
    },
    "random_ref": {
      "target_frac": 0.10526315789473684,
      "actual_frac_mean": 0.10526315789473684,
      "cv_mean": 0.0077305462470882965,
      "cv_std": 0.01823027981905487,
      "n_valid": 30,
      "frac_below_05": 0.10526315789473684
    },
    "hebbian_ref": {
      "target_frac": 0.7368421052631579,
      "actual_frac_mean": 0.7368421052631579,
      "cv_mean": 2.201247276407277e-06,
      "cv_std": 1.177468510476468e-05,
      "n_valid": 30,
      "frac_below_05": 0.7368421052631579
    }
  },
  "exp3_goe_projection": {
    "hebbian_raw": {
      "cv_mean": 1.1525911158475349e-05,
      "cv_std": 5.632261415595825e-05,
      "gh_mean": 2.5754153340004224,
      "n_valid": 30,
      "frac_below_05": 0.7368421052631579,
      "spacing_std": 2.161541119309065
    },
    "hebbian_goe_proj": {
      "cv_mean": 3.583927574215529e-05,
      "cv_std": 8.173264565530885e-05,
      "gh_mean": 2.5754228836821684,
      "n_valid": 30,
      "frac_below_05": 0.15789473684210525,
      "spacing_std": 0.5094683197118323
    },
    "random_raw": {
      "cv_mean": 0.014370564460033335,
      "cv_std": 0.030305899128614318,
      "gh_mean": 2.8576772118554414,
      "n_valid": 30,
      "frac_below_05": 0.10526315789473684,
      "spacing_std": 0.4601871100974113
    },
    "attention_goe_proj": {
      "cv_mean": 4.16779978891523e-05,
      "cv_std": 0.00017039191937997467,
      "gh_mean": 2.992952535252162,
      "n_valid": 30,
      "frac_below_05": 0.15789473684210525,
      "spacing_std": 0.509468319711832
    }
  },
  "exp4_ternary_binary": {
    "fp32": {
      "cv_mean": 0.0010267288268282467,
      "cv_std": 0.0014396608527896205,
      "gh_mean": 2.69858309028775,
      "survival_rate": 1.0,
      "n_valid": 30
    },
    "int16": {
      "cv_mean": 0.0010267798043784113,
      "cv_std": 0.0014398901537586025,
      "gh_mean": 2.6985807684733474,
      "survival_rate": 1.0,
      "n_valid": 30
    },
    "int8": {
      "cv_mean": 0.0011928084068915758,
      "cv_std": 0.0017964017647931023,
      "gh_mean": 2.697474521944506,
      "survival_rate": 1.0,
      "n_valid": 30
    },
    "int4": {
      "cv_mean": 0.005606746710528131,
      "cv_std": 0.01482085469790419,
      "gh_mean": 2.6589634298863065,
      "survival_rate": 1.0,
      "n_valid": 30
    },
    "ternary": {
      "cv_mean": 0.006567695058657002,
      "cv_std": 0.013467936196066758,
      "gh_mean": 2.5802101871555054,
      "survival_rate": 1.0,
      "n_valid": 30
    },
    "binary_pos": {
      "cv_mean": 0.008827314144681448,
      "cv_std": 0.019564590107730064,
      "gh_mean": 3.149050350571318,
      "survival_rate": 1.0,
      "n_valid": 30
    }
  },
  "exp5_floquet_asymmetric": {
    "asym_0.0": {
      "asymmetry": 0.0,
      "cv_mean": 0.05553390102756507,
      "cv_std": 0.024633343666217687,
      "n_valid": 30
    },
    "asym_0.2": {
      "asymmetry": 0.2,
      "cv_mean": 0.0555479639897642,
      "cv_std": 0.024588462999172476,
      "n_valid": 30
    },
    "asym_0.5": {
      "asymmetry": 0.5,
      "cv_mean": 0.055577862086971,
      "cv_std": 0.0245344385530986,
      "n_valid": 30
    },
    "asym_1.0": {
      "asymmetry": 1.0,
      "cv_mean": 0.0556557928444382,
      "cv_std": 0.024485679116395147,
      "n_valid": 30
    },
    "asym_2.0": {
      "asymmetry": 2.0,
      "cv_mean": 0.055991239597606636,
      "cv_std": 0.024487795371785432,
      "n_valid": 30
    },
    "asym_5.0": {
      "asymmetry": 5.0,
      "cv_mean": 0.05770138790360551,
      "cv_std": 0.02600031169911311,
      "n_valid": 30
    },
    "single_asym_0.0": {
      "asymmetry": 0.0,
      "cv_mean": 0.03324923894743787,
      "cv_std": 0.022435213393374395,
      "n_valid": 30
    },
    "single_asym_0.5": {
      "asymmetry": 0.5,
      "cv_mean": 0.037549234850675677,
      "cv_std": 0.02579736847151937,
      "n_valid": 30
    },
    "single_asym_1.0": {
      "asymmetry": 1.0,
      "cv_mean": 0.053400260327263464,
      "cv_std": 0.028246502441237855,
      "n_valid": 30
    },
    "single_asym_2.0": {
      "asymmetry": 2.0,
      "cv_mean": 0.24170537040988108,
      "cv_std": 1.2644399559269315,
      "n_valid": 30
    }
  }
}