{
  "GOE_N=5_Tr=1.0": {
    "type": "GOE",
    "N": 5,
    "target_trace": 1.0,
    "n_samples": 5000,
    "mean_tr": 1.0000000000000002,
    "std_tr": 1.3365795672658776e-14,
    "mean_gh": 3.713003105154109,
    "std_gh": 58.339959857769735,
    "cv_gh": 15.712338020075078,
    "mean_gamma": 2.3202675509688864,
    "std_gamma": 58.33986207656374,
    "mean_H": 1.3927355541852227,
    "std_H": 0.0939955271757315,
    "gamma_H_correlation": 0.00023469018221018825
  },
  "GOE_N=5_Tr=2.0": {
    "type": "GOE",
    "N": 5,
    "target_trace": 2.0,
    "n_samples": 5000,
    "mean_tr": 2.0,
    "std_tr": 1.1362900033917141e-14,
    "mean_gh": 4.855447688120256,
    "std_gh": 35.01705780337241,
    "cv_gh": 7.211911249512187,
    "mean_gamma": 3.4627669754287664,
    "std_gamma": 35.01787793592311,
    "mean_H": 1.3926807126914893,
    "std_H": 0.0930811408277393,
    "gamma_H_correlation": -0.010139890716983619
  },
  "GOE_N=5_Tr=5.0": {
    "type": "GOE",
    "N": 5,
    "target_trace": 5.0,
    "n_samples": 5000,
    "mean_tr": 5.0,
    "std_tr": 1.4489748292143502e-14,
    "mean_gh": 7.573027650860904,
    "std_gh": 36.48377073393369,
    "cv_gh": 4.817593757205707,
    "mean_gamma": 6.1805330033409485,
    "std_gamma": 36.48366227285315,
    "mean_H": 1.3924946475199558,
    "std_H": 0.0919858369888218,
    "gamma_H_correlation": -8.153617483670136e-05
  },
  "GOE_N=5_Tr=10.0": {
    "type": "GOE",
    "N": 5,
    "target_trace": 10.0,
    "n_samples": 5000,
    "mean_tr": 9.999999999999996,
    "std_tr": 1.5545035820064094e-13,
    "mean_gh": 17.091986841589613,
    "std_gh": 147.86269505282243,
    "cv_gh": 8.65099513726695,
    "mean_gamma": 15.699869731217003,
    "std_gamma": 147.86419925614712,
    "mean_H": 1.3921171103726122,
    "std_H": 0.09308994622672462,
    "gamma_H_correlation": -0.01647330099143263
  },
  "GOE_N=10_Tr=1.0": {
    "type": "GOE",
    "N": 10,
    "target_trace": 1.0,
    "n_samples": 5000,
    "mean_tr": 0.9999999999999767,
    "std_tr": 1.6462155022542789e-12,
    "mean_gh": 164.4520487142736,
    "std_gh": 11386.744723248949,
    "cv_gh": 69.2405160791447,
    "mean_gamma": 162.37088741925444,
    "std_gamma": 11386.743925755087,
    "mean_H": 2.0811612950191467,
    "std_H": 0.051156319244185185,
    "gamma_H_correlation": 0.015587106155383947
  },
  "GOE_N=10_Tr=2.0": {
    "type": "GOE",
    "N": 10,
    "target_trace": 2.0,
    "n_samples": 5000,
    "mean_tr": 1.9999999999999996,
    "std_tr": 1.8067630741394037e-14,
    "mean_gh": 5.465709241297917,
    "std_gh": 79.91242933573473,
    "cv_gh": 14.620687967067617,
    "mean_gamma": 3.3833665477031025,
    "std_gamma": 79.9120905624422,
    "mean_H": 2.0823426935948146,
    "std_H": 0.05052120324671517,
    "gamma_H_correlation": 0.006389475924840332
  },
  "GOE_N=10_Tr=5.0": {
    "type": "GOE",
    "N": 10,
    "target_trace": 5.0,
    "n_samples": 3000,
    "mean_gh": 7.2780432242483055,
    "std_gh": 34.53065151255256,
    "cv_gh": 4.744496624794224,
    "mean_gamma": 5.197354675898601,
    "mean_H": 2.0806885483497037,
    "gamma_H_correlation": -0.014806054309951423
  },
  "GOE_N=10_Tr=10.0": {
    "type": "GOE",
    "N": 10,
    "target_trace": 10.0,
    "n_samples": 5000,
    "mean_tr": 10.000000000000046,
    "std_tr": 3.2925123992743456e-12,
    "mean_gh": 195.4571365200107,
    "std_gh": 12731.518242235456,
    "cv_gh": 65.13713681123133,
    "mean_gamma": 193.37519600447914,
    "std_gamma": 12731.518022157537,
    "mean_H": 2.0819405155315267,
    "std_H": 0.050399021185523946,
    "gamma_H_correlation": 0.004364730876238404
  },
  "GOE_N=20_Tr=1.0": {
    "type": "GOE",
    "N": 20,
    "target_trace": 1.0,
    "n_samples": 5000,
    "mean_tr": 1.0000000000000002,
    "std_tr": 5.643667366975546e-15,
    "mean_gh": 3.4708716640266304,
    "std_gh": 4.525916512466171,
    "cv_gh": 1.303971149199899,
    "mean_gamma": 0.6950350025966668,
    "std_gamma": 4.526400872563797,
    "mean_H": 2.7758366614299637,
    "std_H": 0.026123282710635222,
    "gamma_H_correlation": -0.02142598340423585
  },
  "GOE_N=20_Tr=2.0": {
    "type": "GOE",
    "N": 20,
    "target_trace": 2.0,
    "n_samples": 5000,
    "mean_tr": 2.000000000000002,
    "std_tr": 1.5450891842758545e-13,
    "mean_gh": 6.5644984462376135,
    "std_gh": 123.51674120085849,
    "cv_gh": 18.81586875409363,
    "mean_gamma": 3.7886782212270402,
    "std_gamma": 123.51650762100583,
    "mean_H": 2.7758202250105724,
    "std_H": 0.02636612308652086,
    "gamma_H_correlation": 0.008752367026737564
  },
  "GOE_N=20_Tr=5.0": {
    "type": "GOE",
    "N": 20,
    "target_trace": 5.0,
    "n_samples": 5000,
    "mean_tr": 4.999999999999999,
    "std_tr": 4.0512211897261414e-14,
    "mean_gh": 5.905280466377386,
    "std_gh": 23.33557192710395,
    "cv_gh": 3.951644982819797,
    "mean_gamma": 3.1298886238656602,
    "std_gamma": 23.335006162579152,
    "mean_H": 2.775391842511726,
    "std_H": 0.02589252718097674,
    "gamma_H_correlation": 0.021295959371803952
  },
  "GOE_N=20_Tr=10.0": {
    "type": "GOE",
    "N": 20,
    "target_trace": 10.0,
    "n_samples": 5000,
    "mean_tr": 9.999999999999998,
    "std_tr": 1.1784165441805447e-13,
    "mean_gh": 10.319290691431044,
    "std_gh": 54.374825195953264,
    "cv_gh": 5.2692405730081,
    "mean_gamma": 7.543049478819689,
    "std_gamma": 54.374046102378415,
    "mean_H": 2.776241212611356,
    "std_H": 0.02640193112887282,
    "gamma_H_correlation": 0.029266392484553354
  },
  "Hebbian_N=10_Tr=5.0": {
    "type": "Hebbian",
    "N": 10,
    "target_trace": 5.0,
    "n_samples": 3000,
    "mean_gh": 2.6346055910188273,
    "std_gh": 0.3083731412587118,
    "cv_gh": 0.11704717484466468,
    "mean_gamma": 0.6465407324824405,
    "mean_H": 1.988064858536387,
    "gamma_H_correlation": -0.5536539752513043
  },
  "Attention_N=10_Tr=5.0": {
    "type": "Attention",
    "N": 10,
    "target_trace": 5.0,
    "n_samples": 3000,
    "mean_gh": 2.723703089457597,
    "std_gh": 0.010668233891280122,
    "cv_gh": 0.003916812347341653,
    "mean_gamma": 0.45907145410737743,
    "mean_H": 2.2646316353502196,
    "gamma_H_correlation": -0.01437837657092238
  }
}