{
  "test1_covering_radius": {
    "3": {
      "max": 0.5742729907280492,
      "mean": 0.3459384206563709,
      "p95": 0.5136165838252563,
      "p99": 0.5460865586106672,
      "method": "Eisenstein 3x3"
    },
    "5": {
      "max": 0.6145373590535235,
      "mean": 0.3664219944590057,
      "p95": 0.5596323400682739,
      "p99": 0.5903335109656354,
      "method": "Z[\u03b65] pairs"
    },
    "8": {
      "max": 0.4274696647637917,
      "mean": 0.1897093737596922,
      "p95": 0.3364759001548035,
      "p99": 0.3689283779568572,
      "method": "Z[\u03b68] pairs"
    },
    "10": {
      "max": 0.3540768788249666,
      "mean": 0.14296363571770102,
      "p95": 0.2590943043242056,
      "p99": 0.29339872969285913,
      "method": "Z[\u03b610] pairs"
    },
    "12": {
      "max": 0.3077374012383019,
      "mean": 0.1236201766884966,
      "p95": 0.22383254193019758,
      "p99": 0.2508939741072815,
      "method": "Z[\u03b612] pairs"
    }
  },
  "test2_babai": {
    "pair_wins": 280,
    "babai_wins": 0,
    "ties": 4720,
    "babai_max": 0.6851781493327309,
    "pair_max": 0.6145373590535235
  },
  "test4_constraint_walk": {
    "eis_max_drift": 0.03937274592948467,
    "z12_max_drift": 0.03937274592948467,
    "improvement": 1.0
  }
}