{
  "N=10": {
    "homo_width": 0.10204081632653061,
    "hetero_width": 1.0204081632653064,
    "broadening_ratio": 10.000000000000002,
    "homo_beta50": 0.10204081632653061,
    "hetero_beta50": 0.10204081632653061
  },
  "N=20": {
    "homo_width": 0.20408163265306123,
    "hetero_width": 0.5102040816326531,
    "broadening_ratio": 2.5,
    "homo_beta50": 0.20408163265306123,
    "hetero_beta50": 0.20408163265306123
  },
  "N=50": {
    "homo_width": 0.40816326530612246,
    "hetero_width": 0.8163265306122449,
    "broadening_ratio": 2.0,
    "homo_beta50": 0.10204081632653061,
    "hetero_beta50": 0.20408163265306123
  },
  "N=100": {
    "homo_width": 0.40816326530612246,
    "hetero_width": 0.40816326530612246,
    "broadening_ratio": 1.0,
    "homo_beta50": 0.20408163265306123,
    "hetero_beta50": 0.40816326530612246
  }
}