{
  "2bit": {
    "C_mean": 0.6463035795743612,
    "C_std": 0.15402701168369146,
    "C_cv": 0.23831991118651957,
    "C_median": 0.6473384125032776,
    "bits": 2,
    "log2_C": -0.6297161128338216
  },
  "3bit": {
    "C_mean": 0.659921682358742,
    "C_std": 0.19715181440765472,
    "C_cv": 0.298750320951692,
    "C_median": 0.6543944332487126,
    "bits": 3,
    "log2_C": -0.5996332752298593
  },
  "4bit": {
    "C_mean": 0.6503862573067885,
    "C_std": 0.17234151280417226,
    "C_cv": 0.2649833247058885,
    "C_median": 0.6474404367380262,
    "bits": 4,
    "log2_C": -0.6206313213686574
  },
  "5bit": {
    "C_mean": 0.6441169594316416,
    "C_std": 0.1758530731311055,
    "C_cv": 0.2730141949472583,
    "C_median": 0.6539091854449626,
    "bits": 5,
    "log2_C": -0.6346054166850702
  },
  "6bit": {
    "C_mean": 0.6511590087388969,
    "C_std": 0.1623512948319873,
    "C_cv": 0.2493266508689082,
    "C_median": 0.648663581002672,
    "bits": 6,
    "log2_C": -0.6189182118533432
  },
  "7bit": {
    "C_mean": 0.6278635963861484,
    "C_std": 0.17248871606423616,
    "C_cv": 0.2747232313786707,
    "C_median": 0.6358499917130216,
    "bits": 7,
    "log2_C": -0.671476927795841
  },
  "8bit": {
    "C_mean": 0.6425480121817035,
    "C_std": 0.18584429976117386,
    "C_cv": 0.289230215077873,
    "C_median": 0.6446319570787389,
    "bits": 8,
    "log2_C": -0.6381238361473599
  },
  "10bit": {
    "C_mean": 0.6531499241146549,
    "C_std": 0.1722063184238618,
    "C_cv": 0.263655115105904,
    "C_median": 0.6553253598592762,
    "bits": 10,
    "log2_C": -0.6145139087042355
  },
  "12bit": {
    "C_mean": 0.6466942280605934,
    "C_std": 0.1781080384721861,
    "C_cv": 0.27541306346018274,
    "C_median": 0.6449065647537089,
    "bits": 12,
    "log2_C": -0.6288443609288483
  },
  "16bit": {
    "C_mean": 0.6372674027353353,
    "C_std": 0.180283218553034,
    "C_cv": 0.2829004241848971,
    "C_median": 0.6323654603707731,
    "bits": 16,
    "log2_C": -0.6500292284489875
  },
  "23bit": {
    "C_mean": 0.6556134866370934,
    "C_std": 0.1818230040745756,
    "C_cv": 0.2773326171296739,
    "C_median": 0.6490555144511965,
    "bits": 23,
    "log2_C": -0.609082562438512
  },
  "32bit": {
    "C_mean": 0.6549614787567275,
    "C_std": 0.18464754465227232,
    "C_cv": 0.2819212284099169,
    "C_median": 0.6505892020402626,
    "bits": 32,
    "log2_C": -0.6105180371546745
  },
  "52bit": {
    "C_mean": 0.6322294441691624,
    "C_std": 0.17688881779124804,
    "C_cv": 0.2797857952087388,
    "C_median": 0.6317427470698534,
    "bits": 52,
    "log2_C": -0.6614798689336981
  },
  "64bit": {
    "C_mean": 0.6547615272733702,
    "C_std": 0.18159955707469655,
    "C_cv": 0.2773522107062908,
    "C_median": 0.6465152426954566,
    "bits": 64,
    "log2_C": -0.6109585410083457
  }
}