{
  "experiment": "beta1-shell-ratio-analysis",
  "timestamp": 1778967773.013334,
  "attractors": [
    666,
    703,
    780,
    820,
    1128,
    1225,
    1275,
    1326,
    1431,
    1540,
    2080,
    2211
  ],
  "findings": {
    "step_deltas": [
      37,
      77,
      40,
      308,
      97,
      50,
      51,
      105,
      109,
      540,
      131
    ],
    "step_delta_deltas": [
      40,
      -37,
      268,
      -211,
      -47,
      1,
      54,
      4,
      431,
      -409
    ],
    "step_ratios": [
      2.081081081081081,
      0.5194805194805194,
      7.7,
      0.31493506493506496,
      0.5154639175257731,
      1.02,
      2.0588235294117645,
      1.0380952380952382,
      4.954128440366972,
      0.24259259259259258
    ],
    "is_arithmetic": false,
    "constants_checked": {
      "golden_ratio": 1.618033988749895,
      "sqrt2": 1.4142135623730951,
      "sqrt3": 1.7320508075688772,
      "ricotti (Oracle1's)": 1.692,
      "e": 2.718281828459045,
      "pi": 3.141592653589793,
      "plastic_constant": 1.933279960546417
    },
    "midpoints": [
      684,
      741,
      800,
      974,
      1176,
      1250,
      1300,
      1378,
      1485,
      1810,
      2145
    ],
    "oracle1_mean_step": 58.2,
    "actual_mean_step": 140.45454545454547,
    "implied_start_before_666": 629
  }
}