{
  "star": {
    "cv": 0.5844236804440781,
    "drift": 0.8778302893365663,
    "mean_conservation": 7.23547983688105,
    "std_conservation": 4.228585756107384,
    "initial": 20.63189092404074,
    "final": 2.5205921445417996,
    "conservation_trace": [
      20.63189092404074,
      16.03513885263488,
      13.482872141845352,
      11.815691455265373,
      10.565090860290995,
      9.538144061964577,
      8.65221736976015,
      7.8691351201176065,
      7.168922770370534,
      6.539311567372342,
      5.97152263191354,
      5.458552402466763,
      4.994454975500983,
      4.5740233182223475,
      4.192632058687254,
      3.846147708221621,
      3.530868823196378,
      3.243480970332482,
      2.9810201264174863,
      2.7408415162383077,
      2.5205921445417996
    ]
  },
  "ring": {
    "cv": 0.8688698764479071,
    "drift": 0.9315171917408945,
    "mean_conservation": 5.205403049439127,
    "std_conservation": 4.52281790451462,
    "initial": 20.63189092404074,
    "final": 1.4129298300807096,
    "conservation_trace": [
      20.63189092404074,
      15.806432937509905,
      12.316234980558033,
      9.777319712518368,
      7.916771457139548,
      6.5404659886111665,
      5.5105000583307815,
      4.72906681087264,
      4.126566255887459,
      3.6518380405712665,
      3.2683858944132296,
      2.9521051014448547,
      2.6860090806408907,
      2.4578879497283768,
      2.258901497387709,
      2.082608105451061,
      1.9242834739811605,
      1.7804393897342028,
      1.6484820037211196,
      1.5264680034121385,
      1.4129298300807096
    ]
  },
  "mesh": {
    "cv": 1.166506200052053,
    "drift": 0.9569136854914637,
    "mean_conservation": 2.7711860804777273,
    "std_conservation": 3.232605744491867,
    "initial": 20.63189092404074,
    "final": 0.8889521411633448,
    "conservation_trace": [
      20.63189092404074,
      9.709194496376199,
      5.348467588221094,
      3.5708619583395915,
      2.8028072025775064,
      2.4311689442570215,
      2.2172502822534663,
      2.0675430632005507,
      1.9451997098115559,
      1.8356072857928065,
      1.7329203590321287,
      1.6347708113988928,
      1.5401812679290061,
      1.4487375688058999,
      1.360257838303952,
      1.2746584721616656,
      1.1918988594901163,
      1.1119579843892646,
      1.0348241764214539,
      0.9604904266073123,
      0.8889521411633448
    ]
  }
}