{
  "3": {
    "rooms": 3,
    "cv": 0.442467213447749,
    "drift": 0.7478409589422719,
    "mean": 6.719923518771833,
    "std": 2.973345833977212,
    "initial": 17.031406474594405,
    "final": 4.2946231244233255,
    "trace": [
      17.031406474594405,
      11.383382047142486,
      8.420349845188003,
      6.82328513695103,
      5.931724765574834,
      5.40722463786193,
      5.070932639686414,
      4.829087955985175,
      4.633283961108899,
      4.45909477295536,
      4.2946231244233255
    ]
  },
  "5": {
    "rooms": 5,
    "cv": 1.949380409568543,
    "drift": 0.9995154421689271,
    "mean": 1.5278938110386784,
    "std": 2.978446263334759,
    "initial": 14.737457127888185,
    "final": 0.007141150161468265,
    "trace": [
      14.737457127888185,
      5.331481006596823,
      1.9704701574848933,
      0.7788784684892687,
      0.3507527987228922,
      0.1829536145730289,
      0.10656939457452785,
      0.06453542496448313,
      0.03748959965883078,
      0.01904970386887914,
      0.007141150161468265
    ]
  },
  "9": {
    "rooms": 9,
    "cv": 0.8950033346094572,
    "drift": 0.9216878286395379,
    "mean": 5.402355124630223,
    "std": 4.83512585137804,
    "initial": 32.412158637260006,
    "final": 2.538266521271419,
    "trace": [
      32.412158637260006,
      9.093418539287196,
      5.393793763997494,
      4.596639892636057,
      4.218169017961763,
      3.904323218244576,
      3.6077145043297447,
      3.322932001375901,
      3.0496952340290213,
      2.7881202782915016,
      2.538266521271419
    ]
  },
  "15": {
    "rooms": 15,
    "cv": 3.030512956049736,
    "drift": 0.9998970471440574,
    "mean": 1.2387741107994434,
    "std": 3.754120992699756,
    "initial": 28.550414878554506,
    "final": 0.002939346650107069,
    "trace": [
      28.550414878554506,
      1.7950502907628743,
      0.6164511908579712,
      0.45650984646293424,
      0.3444538829189535,
      0.24834686201424014,
      0.16780566998496682,
      0.10295970621080044,
      0.05384664184053495,
      0.020492803039052033,
      0.002939346650107069
    ]
  },
  "25": {
    "rooms": 25,
    "cv": 5.0646711562495605,
    "drift": 0.9999997649334091,
    "mean": 1.1770428405381739,
    "std": 5.961334924650208,
    "initial": 55.54693213176017,
    "final": 1.3057127965595616e-05,
    "trace": [
      55.54693213176017,
      0.28624483425496794,
      0.021835016613528685,
      0.0005639470426866827,
      1.1080926209590258e-05,
      1.2600574261086805e-05,
      1.289061643648869e-05,
      1.2990355303214218e-05,
      1.303175625660608e-05,
      1.3049497494742125e-05,
      1.3057127965595616e-05
    ]
  }
}