{
  "bad_room": 4,
  "degrade_step": 100,
  "fleet_cv_pre": 0.9595839739148063,
  "fleet_cv_post": 0.44256582542713635,
  "fleet_drift_post": 0.8162210593543049,
  "room_spread": {
    "0": {
      "pre_cv": 0.5012635646532088,
      "post_cv": 0.4049394007421533,
      "cv_ratio": 0.8078372920272401
    },
    "1": {
      "pre_cv": 1.0827857618636112,
      "post_cv": 0.4292944149013529,
      "cv_ratio": 0.3964721646531773
    },
    "2": {
      "pre_cv": 0.866487362455727,
      "post_cv": 0.421094011528352,
      "cv_ratio": 0.4859782493380218
    },
    "3": {
      "pre_cv": 0.7063101942128176,
      "post_cv": 0.4058303961630517,
      "cv_ratio": 0.5745781378079806
    },
    "4": {
      "pre_cv": 1.1751876309693658,
      "post_cv": -0.29126706664999485,
      "cv_ratio": -0.24784728748800344
    },
    "5": {
      "pre_cv": 0.2908309966141986,
      "post_cv": 0.40978352301397025,
      "cv_ratio": 1.4090091071574018
    },
    "6": {
      "pre_cv": 0.7008851721091042,
      "post_cv": 0.4190341429102769,
      "cv_ratio": 0.5978641859258238
    },
    "7": {
      "pre_cv": 1.4356027220965801,
      "post_cv": 0.4148832814516654,
      "cv_ratio": 0.2889958865617521
    },
    "8": {
      "pre_cv": 0.6782896488644926,
      "post_cv": 0.42042792405734236,
      "cv_ratio": 0.6198353825672948
    }
  },
  "fleet_trace": [
    15.356533942031696,
    10.371622825994624,
    7.23181480507722,
    5.251295318904734,
    3.995598774007358,
    3.1924460272818758,
    2.671647687686851,
    2.3266612330886334,
    2.0913754470836583,
    1.9248494463513586,
    1.8016580479972866,
    1.705967824885312,
    1.627895085232378,
    1.5612545915584166,
    1.5021640972327415,
    1.4481780574301077,
    1.397749154189514,
    1.3498931122302174,
    1.3039797129920085,
    1.259602240754872,
    0.997394312513995,
    0.9533037069564867,
    0.9135856685677854,
    0.8774147971454663,
    0.8441284572156753,
    0.8131970247984086,
    0.7841986654546361,
    0.7567983333715859,
    0.7307305119447394,
    0.7057851669485088,
    0.6817963988644851,
    0.6586333281182375,
    0.6361928065800309,
    0.6143936099864875,
    0.5931718233867334,
    0.572477182801788,
    0.552270180235836,
    0.5325197761519505,
    0.5132015941403296,
    0.49429649756474886,
    0.4757894683037957,
    0.45766872408983056,
    0.4399250240879583,
    0.4225511228506461,
    0.40554134113716667,
    0.3888912287202869,
    0.37259729955910853,
    0.3566568238756163,
    0.34106766495818197,
    0.3258281511084114,
    0.31093697519243746,
    0.29639311586882283,
    0.2821957758338264,
    0.26834433342315667,
    0.25483830469470675,
    0.24167731373431972,
    0.22886106941207798,
    0.21638934719808398,
    0.20426197494640058,
    0.19247882179121503
  ]
}