{
  "degrade_step": 100,
  "recover_step": 250,
  "bad_room": 4,
  "healthy": {
    "mean": 3.161163763553916,
    "std": 3.03340208652251,
    "cv": 0.9595839739148063,
    "min": 1.2250247372593819,
    "max": 15.356533942031696
  },
  "degraded": {
    "mean": 0.597829158553668,
    "std": 0.18997130455529887,
    "cv": 0.31776854943496036,
    "min": 0.3138873959388584,
    "max": 0.997394312513995
  },
  "recovery": {
    "mean": 0.1734307009210589,
    "std": 0.12640069635565757,
    "cv": 0.728825378733315,
    "min": 0.010869777053874765,
    "max": 0.43764544541373274
  },
  "recovery_steps_to_stable": 0,
  "healthy_cv": 0.9595839739148063,
  "fleet_trace": [
    15.356533942031696,
    10.371622825994624,
    7.23181480507722,
    5.251295318904734,
    3.995598774007358,
    3.1924460272818758,
    2.671647687686851,
    2.3266612330886334,
    2.0913754470836583,
    1.9248494463513586,
    1.8016580479972866,
    1.705967824885312,
    1.627895085232378,
    1.5612545915584166,
    1.5021640972327415,
    1.4481780574301077,
    1.397749154189514,
    1.3498931122302174,
    1.3039797129920085,
    1.259602240754872,
    0.997394312513995,
    0.9533037069564867,
    0.9135856685677854,
    0.8774147971454663,
    0.8441284572156753,
    0.8131970247984086,
    0.7841986654546361,
    0.7567983333715859,
    0.7307305119447394,
    0.7057851669485088,
    0.6817963988644851,
    0.6586333281182375,
    0.6361928065800309,
    0.6143936099864875,
    0.5931718233867334,
    0.572477182801788,
    0.552270180235836,
    0.5325197761519505,
    0.5132015941403296,
    0.49429649756474886,
    0.4757894683037957,
    0.45766872408983056,
    0.4399250240879583,
    0.4225511228506461,
    0.40554134113716667,
    0.3888912287202869,
    0.37259729955910853,
    0.3566568238756163,
    0.34106766495818197,
    0.3258281511084114,
    0.43764544541373274,
    0.4134255169332223,
    0.38995369453504214,
    0.3671753238033241,
    0.3450645409369938,
    0.3236117189543535,
    0.30281597673909205,
    0.2826807873995549,
    0.263211467977019,
    0.2444137983748905,
    0.22629330771859887,
    0.20885494674387367,
    0.192102976437661,
    0.1760409718763844,
    0.16067188222979262,
    0.1459981133708445,
    0.1320216147903694,
    0.11874396150806947,
    0.10616642685080613,
    0.09429004485123713,
    0.08311566253699122,
    0.0726439831012698,
    0.06287560121248716,
    0.05381103173461551,
    0.045450733002760056,
    0.03779512557990898,
    0.030844607107781946,
    0.02459956338681095,
    0.01906037497935928,
    0.014227416923249712
  ]
}