{
  "experiment": "Lipschitz constant L_I",
  "n": 4,
  "domain_radius": 5.0,
  "P_spectral_norm": 2.0729609097307007,
  "P_eigenvalues": [
    1.018246361560215,
    1.1001081158531691,
    1.3699378406261054,
    2.0729609097307002
  ],
  "N_pairs": 1000,
  "empirical_L_I": 35.173692140517396,
  "mean_ratio": 7.860085522588073,
  "median_ratio": 6.340981809376688,
  "theoretical_L_I": 41.45921819461401,
  "bound_holds": true,
  "tightness_ratio": 0.84839255712465,
  "sample_ratios_percentiles": {
    "p50": 6.340981809376688,
    "p90": 16.46618290909251,
    "p95": 19.66531382907249,
    "p99": 26.297676971451782,
    "max": 35.173692140517396
  }
}