{
  "experiment": "Complete bound verification",
  "n": 4,
  "N_trials": 500,
  "total_points": 14833,
  "fitted_constants": {
    "C1": 0.2617661556555476,
    "C2": 0.5777355860818827,
    "bound": "|\u0394I| \u2264 0.2618\u00b7||[D,C]||\u00b7I(x) + 0.5777\u00b7||x-x*||\u00b2"
  },
  "envelope_constants": {
    "C1": 0.6480924474254428,
    "C2": 1.4303838057708234,
    "violations": 11934
  },
  "combined_bound": {
    "C_combined_99th": 0.9799755486297329,
    "C_combined_max": 1.0918027526641454,
    "bound": "|\u0394I| \u2264 0.9800 \u00b7 (||[D,C]||\u00b7I(x) + ||x-x*||\u00b2)"
  },
  "pure_residual_C2": {
    "C2_99th": 1.4262652191936445,
    "C2_max": 1.8811074494390243
  },
  "percentiles_ratio_full": {
    "p50": 0.6650977012117207,
    "p90": 0.905435298450143,
    "p95": 0.9371420853718991,
    "p99": 0.9799755486297329
  }
}