{
  "cyclotomic_rho": 0.2643763295532116,
  "boid_rho": 0.22967028998649325,
  "boid_improvement": 1.1511124471900975,
  "boid_wd_to_uniform": 0.17889738192391605,
  "cyc_wd_to_uniform": 0.20245819323134215,
  "boid_converges_to_uniform": false,
  "steps": [
    0.18713477306412485,
    0.18713477306412485,
    0.18713477306412485,
    0.18713477306412485,
    0.18713477306412485,
    0.18713477306412485,
    0.18713477306412485,
    0.18713477306412485,
    0.18713477306412485,
    0.18713477306412485,
    0.18713477306412485,
    0.18713477306412485,
    0.18713477306412485,
    0.18713477306412485,
    0.18713477306412485,
    0.18713477306412485,
    0.18713477306412485,
    0.18713477306412485,
    0.18713477306412485,
    0.18713477306412485,
    0.22967028998649325
  ]
}