{
  "z12_rho": 0.36057175921035123,
  "hex_rotated_rho": 0.5290857261906042,
  "random_median": 0.3886936406681307,
  "random_best": 0.2980281503270007,
  "random_p10": 0.3530996473168914,
  "random_p90": 0.45574375969874725,
  "z12_percentile": 86.0,
  "K": 15
}