{
  "experiment": "E3: Coupling Architecture Sweep",
  "timestamp": "2026-05-15T18:33:50.365640",
  "parameters": {
    "V_values": [
      5,
      10,
      20,
      30,
      50
    ],
    "n_runs": 50,
    "n_steps": 200,
    "seed_base": 42,
    "alpha_bonferroni": 0.004166666666666667
  },
  "architectures": {
    "hebbian": {
      "law_fit": {
        "intercept": 1.3156635846207663,
        "slope": 0.05454410853778692,
        "r_squared": 0.36272393851057505
      },
      "per_V": {
        "5": {
          "gph_mean": 1.5339597354120127,
          "gph_std": 0.07730149061443754,
          "gph_ci": [
            1.5117631645355813,
            1.556156306288444
          ],
          "gamma_mean": 0.7072072443488492,
          "H_mean": 0.8267524910631637,
          "top1_mean": 0.4998514336159796,
          "eff_rank_mean": 3.7848889697968464,
          "time_slope_mean": 0.0011447754272632068
        },
        "10": {
          "gph_mean": 1.4665600624820312,
          "gph_std": 0.04245480292079503,
          "gph_ci": [
            1.454369469071917,
            1.4787506558921453
          ],
          "gamma_mean": 0.7306874512860996,
          "H_mean": 0.7358726111959316,
          "top1_mean": 0.496302301378636,
          "eff_rank_mean": 5.4455193422167225,
          "time_slope_mean": 0.000768938095530602
        },
        "20": {
          "gph_mean": 1.4771396277138873,
          "gph_std": 0.020707542256135428,
          "gph_ci": [
            1.471193604866054,
            1.4830856505617205
          ],
          "gamma_mean": 0.7745140177944441,
          "H_mean": 0.7026256099194436,
          "top1_mean": 0.47398157487480574,
          "eff_rank_mean": 8.209908306350629,
          "time_slope_mean": 0.00029849342919948833
        },
        "30": {
          "gph_mean": 1.4955880990899006,
          "gph_std": 0.02238867461207648,
          "gph_ci": [
            1.4891593510941472,
            1.502016847085654
          ],
          "gamma_mean": 0.7920826158699539,
          "H_mean": 0.703505483219947,
          "top1_mean": 0.4500106423552171,
          "eff_rank_mean": 10.947469150786363,
          "time_slope_mean": 0.00012148902857878047
        },
        "50": {
          "gph_mean": 1.5309746064264147,
          "gph_std": 0.017363445725910857,
          "gph_ci": [
            1.5259888170108318,
            1.5359603958419976
          ],
          "gamma_mean": 0.8081782740342743,
          "H_mean": 0.7227963323921407,
          "top1_mean": 0.4086117562724149,
          "eff_rank_mean": 16.9153691940356,
          "time_slope_mean": -9.221399182126695e-05
        }
      },
      "run_slope_stats": {
        "mean": 0.0010127157443644323,
        "std": 0.032470668638195935,
        "ci_lo": -0.008311004821746114,
        "ci_hi": 0.010336436310474978
      }
    },
    "attention": {
      "law_fit": {
        "intercept": 1.2278621781072718,
        "slope": -0.12732852747296605,
        "r_squared": 0.8538158673724848
      },
      "per_V": {
        "5": {
          "gph_mean": 1.244174403520869,
          "gph_std": 0.035882314820636335,
          "gph_ci": [
            1.233871053122372,
            1.2544777539193661
          ],
          "gamma_mean": 0.45006094895071214,
          "H_mean": 0.7941134545701568,
          "top1_mean": 0.49892433804708974,
          "eff_rank_mean": 3.5960424295233353,
          "time_slope_mean": -3.737832687310991e-05
        },
        "10": {
          "gph_mean": 0.9865476665070922,
          "gph_std": 0.022180265945800894,
          "gph_ci": [
            0.9801787615712265,
            0.992916571442958
          ],
          "gamma_mean": 0.2587809361808354,
          "H_mean": 0.7277667303262567,
          "top1_mean": 0.4828937977988436,
          "eff_rank_mean": 5.356843969292701,
          "time_slope_mean": -8.713737679555788e-05
        },
        "20": {
          "gph_mean": 0.841810991201882,
          "gph_std": 0.014588183617276344,
          "gph_ci": [
            0.8376220984774926,
            0.8459998839262713
          ],
          "gamma_mean": 0.1417581024112861,
          "H_mean": 0.7000528887905959,
          "top1_mean": 0.46244559843399247,
          "eff_rank_mean": 8.164408759114087,
          "time_slope_mean": -0.00012494381851014115
        },
        "30": {
          "gph_mean": 0.7841189287606598,
          "gph_std": 0.0099380162029919,
          "gph_ci": [
            0.7812652983938007,
            0.786972559127519
          ],
          "gamma_mean": 0.1024928676062663,
          "H_mean": 0.6816260611543936,
          "top1_mean": 0.45716518823835217,
          "eff_rank_mean": 10.183090030625564,
          "time_slope_mean": -0.00014734488709468324
        },
        "50": {
          "gph_mean": 0.7327248847794147,
          "gph_std": 0.007695453870571955,
          "gph_ci": [
            0.7305151901680076,
            0.7349345793908217
          ],
          "gamma_mean": 0.07080889067758597,
          "H_mean": 0.6619159941018286,
          "top1_mean": 0.4532342394288088,
          "eff_rank_mean": 13.34804149867606,
          "time_slope_mean": -0.00015207168281567072
        }
      },
      "run_slope_stats": {
        "mean": -0.21991351918287377,
        "std": 0.01354314603936103,
        "ci_lo": -0.22380233683131887,
        "ci_hi": -0.21602470153442868
      }
    },
    "random_er": {
      "law_fit": {
        "intercept": 1.1077281943595987,
        "slope": 0.11693903447310477,
        "r_squared": 0.8925900274610955
      },
      "per_V": {
        "5": {
          "gph_mean": 1.466098290755272,
          "gph_std": 0.028192881984708696,
          "gph_ci": [
            1.4580029060710913,
            1.4741936754394527
          ],
          "gamma_mean": 0.652480326006962,
          "H_mean": 0.81361796474831,
          "top1_mean": 0.49862203625243856,
          "eff_rank_mean": 3.7071067731793046,
          "time_slope_mean": 7.205436065286285e-05
        },
        "10": {
          "gph_mean": 1.4128399255785156,
          "gph_std": 0.012324394180729859,
          "gph_ci": [
            1.409301063820906,
            1.416378787336125
          ],
          "gamma_mean": 0.6726008768805969,
          "H_mean": 0.7402390486979185,
          "top1_mean": 0.481026384735687,
          "eff_rank_mean": 5.5033321295827475,
          "time_slope_mean": 2.8644656677304292e-05
        },
        "20": {
          "gph_mean": 1.4581203776895748,
          "gph_std": 0.006248900916941032,
          "gph_ci": [
            1.4563260504262818,
            1.4599147049528678
          ],
          "gamma_mean": 0.7264432295441107,
          "H_mean": 0.7316771481454641,
          "top1_mean": 0.4386524840600577,
          "eff_rank_mean": 8.957744352044994,
          "time_slope_mean": 1.0031521997642098e-05
        },
        "30": {
          "gph_mean": 1.5021166628139784,
          "gph_std": 0.004819777528530998,
          "gph_ci": [
            1.500732698123643,
            1.5035006275043137
          ],
          "gamma_mean": 0.7589329414602848,
          "H_mean": 0.7431837213536935,
          "top1_mean": 0.404593983522812,
          "eff_rank_mean": 12.529232445341707,
          "time_slope_mean": 1.2446045458662412e-05
        },
        "50": {
          "gph_mean": 1.5654511127353892,
          "gph_std": 0.002770208293971117,
          "gph_ci": [
            1.5646556672109775,
            1.5662465582598009
          ],
          "gamma_mean": 0.7978958558304075,
          "H_mean": 0.7675552569049817,
          "top1_mean": 0.3554168635495142,
          "eff_rank_mean": 20.14315384780501,
          "time_slope_mean": 1.553119447678076e-05
        }
      },
      "run_slope_stats": {
        "mean": 0.04672435948779866,
        "std": 0.011117494597439683,
        "ci_lo": 0.043532050324819556,
        "ci_hi": 0.04991666865077777
      }
    },