{
  "mi_analysis": {
    "Hebbian": {
      "5": {
        "gamma": 0.04467995945523314,
        "H": 1.5809743006937107,
        "gamma_plus_H": 1.6256542601489439,
        "avg_mi": 2.7012900991764193,
        "avg_entropy_rate": 0.9299880046832822,
        "free_energy": {
          "F": -0.6160739482329085,
          "E": 0.9649003524608022,
          "S": 1.5809743006937107
        },
        "spectrum": [
          0.7295790559764251,
          0.7511407690798142,
          0.9033285604538808,
          1.0805776637145497,
          1.359875713079341
        ]
      },
      "10": {
        "gamma": -0.5052848322224772,
        "H": 2.2684997724900593,
        "gamma_plus_H": 1.763214940267582,
        "avg_mi": 2.5057704118040776,
        "avg_entropy_rate": 0.9093708900510865,
        "free_energy": {
          "F": -1.302227603127138,
          "E": 0.9662721693629213,
          "S": 2.2684997724900593
        },
        "spectrum": [
          0.5950013102009851,
          0.6986681435282649,
          0.7234115455696963,
          0.8119471318409531,
          0.9098113376612732
        ]
      },
      "20": {
        "gamma": -0.7021251743563439,
        "H": 2.941170670248055,
        "gamma_plus_H": 2.2390454958917108,
        "avg_mi": 2.137785163086929,
        "avg_entropy_rate": 1.0393850277120695,
        "free_energy": {
          "F": -2.014146992118339,
          "E": 0.9270236781297159,
          "S": 2.941170670248055
        },
        "spectrum": [
          0.4704047486751885,
          0.5001606347841558,
          0.5460972527592094,
          0.6289938436452013,
          0.6587156596537864
        ]
      },
      "30": {
        "gamma": -0.8846825107675091,
        "H": 3.32159570463072,
        "gamma_plus_H": 2.4369131938632105,
        "avg_mi": 2.1219765192633004,
        "avg_entropy_rate": 1.0049813664063985,
        "free_energy": {
          "F": -2.3602033752781395,
          "E": 0.9613923293525803,
          "S": 3.32159570463072
        },
        "spectrum": [
          0.38462601081649456,
          0.456786770919073,
          0.46997134139511826,
          0.5223962740744126,
          0.5386237409149748
        ]
      },
      "50": {
        "gamma": -1.3883326722009561,
        "H": 3.7685544732841536,
        "gamma_plus_H": 2.3802218010831977,
        "avg_mi": 2.2686456192197886,
        "avg_entropy_rate": 1.0753320516246156,
        "free_energy": {
          "F": -2.7849657095027816,
          "E": 0.9835887637813723,
          "S": 3.7685544732841536
        },
        "spectrum": [
          0.28813481423103404,
          0.3232213994102794,
          0.3385916672391957,
          0.3639136711569273,
          0.4003819144070248
        ]
      }
    },
    "Attention": {
      "5": {
        "gamma": -0.27124597405370576,
        "H": 1.5732238632913658,
        "gamma_plus_H": 1.30197788923766,
        "avg_mi": 2.5950780545228618,
        "avg_entropy_rate": 0.8094639853303903,
        "free_energy": {
          "F": -0.6130830037222317,
          "E": 0.9601408595691341,
          "S": 1.5732238632913658
        },
        "spectrum": [
          0.586954995808833,
          0.7839009252209708,
          0.9667601095647015,
          1.1835345607285537,
          1.2795537065226117
        ]
      },
      "10": {
        "gamma": -0.1643333433687429,
        "H": 2.2737462530359913,
        "gamma_plus_H": 2.1094129096672485,
        "avg_mi": 2.1713878819317998,
        "avg_entropy_rate": 1.1459026186171588,
        "free_energy": {
          "F": -1.3366433037316827,
          "E": 0.9371029493043086,
          "S": 2.2737462530359913
        },
        "spectrum": [
          0.5863044080689677,
          0.6741661082170324,
          0.7339714954681098,
          0.8466731092789693,
          0.8866833909654134
        ]
      },
      "20": {
        "gamma": -0.49820718890839544,
        "H": 2.9473721107180393,
        "gamma_plus_H": 2.449164921809644,
        "avg_mi": 1.9671668768261572,
        "avg_entropy_rate": 0.9725060375090928,
        "free_energy": {
          "F": -2.027181826864445,
          "E": 0.9201902838535945,
          "S": 2.9473721107180393
        },
        "spectrum": [
          0.49842591142234094,
          0.5276533879645898,
          0.5344858980704146,
          0.6120300060307509,
          0.6503890912572768
        ]
      },
      "30": {
        "gamma": -0.9180030889628805,
        "H": 3.311828419243288,
        "gamma_plus_H": 2.393825330280407,
        "avg_mi": 2.0411236721651815,
        "avg_entropy_rate": 1.3419987182912827,
        "free_energy": {
          "F": -2.3303642074947595,
          "E": 0.9814642117485284,
          "S": 3.311828419243288
        },
        "spectrum": [
          0.3993901746421799,
          0.47443328955000713,
          0.48169119534771426,
          0.5253525337302556,
          0.5574855281419854
        ]
      },
      "50": {
        "gamma": -1.5124374276244752,
        "H": 3.780062546199776,
        "gamma_plus_H": 2.267625118575301,
        "avg_mi": 1.9400654981984577,
        "avg_entropy_rate": 1.1399103283020096,
        "free_energy": {
          "F": -2.8239461589576784,
          "E": 0.9561163872420978,
          "S": 3.780062546199776
        },
        "spectrum": [
          0.2629549518658515,
          0.31178650975510686,
          0.3274773852867396,
          0.3653194003781763,
          0.3770634155611223
        ]
      }
    },
    "Random": {
      "5": {
        "gamma": 2.1022997252416532e-17,
        "H": 1.3988496505933878,
        "gamma_plus_H": 1.3988496505933878,
        "avg_mi": 0.0,
        "avg_entropy_rate": 0.0,
        "free_energy": {
          "F": -1.620786505813211,
          "E": -0.22193685521982315,
          "S": 1.3988496505933878
        },
        "spectrum": [
          -1.3884893578160293,
          -0.8927813726616342,
          -0.07459677587100087,
          0.5620454511932171,
          0.6841377790563316
        ]
      },
      "10": {
        "gamma": -1.4126486949971953,
        "H": 2.0403074094674936,
        "gamma_plus_H": 0.6276587144702983,
        "avg_mi": 0.0,
        "avg_entropy_rate": 0.0,
        "free_energy": {
          "F": -2.136060826480201,
          "E": -0.09575341701270741,
          "S": 2.0403074094674936
        },
        "spectrum": [
          -1.5430201661271992,
          -0.9679112074400503,
          -0.6938997175078895,
          -0.5380571811845908,
          -0.18405321006143882
        ]
      },
      "20": {
        "gamma": -1.9941191527835436,
        "H": 2.790600076855211,
        "gamma_plus_H": 0.7964809240716675,
        "avg_mi": 0.0,
        "avg_entropy_rate": 0.0,
        "free_energy": {
          "F": -2.8170911373524503,
          "E": -0.02649106049723928,
          "S": 2.790600076855211
        },
        "spectrum": [
          -1.3124585477767925,
          -1.1804518281372094,
          -1.0502441234892166,
          -0.9046076459865506,
          -0.6810295322888451
        ]
      },
      "30": {
        "gamma": -1.5324480363897799,
        "H": 3.19024312035261,
        "gamma_plus_H": 1.65779508396283,
        "avg_mi": 0.0,
        "avg_entropy_rate": 0.0,
        "free_energy": {
          "F": -3.171171082080072,
          "E": 0.01907203827253791,
          "S": 3.19024312035261
        },
        "spectrum": [
          -1.3755560436423773,
          -1.1074117139534312,
          -1.004092070709679,
          -0.9641064446567629,
          -0.8403613964838303
        ]
      },
      "50": {
        "gamma": -2.015488667914051,
        "H": 3.689520409749033,
        "gamma_plus_H": 1.6740317418349817,
        "avg_mi": 0.0,
        "avg_entropy_rate": 0.0,
        "free_energy": {
          "F": -3.7103639407916256,
          "E": -0.020843531042592744,
          "S": 3.689520409749033
        },