{
  "Hermes-70B": {
    "raw_accuracy": 0.3333333333333333,
    "translated_accuracy": 1.0,
    "improvement": 0.6666666666666666
  },
  "Qwen3-235B": {
    "raw_accuracy": 0.16666666666666666,
    "translated_accuracy": 1.0,
    "improvement": 0.8333333333333334
  }
}