{
  "p01": {
    "eigenvalues": [
      -0.3243394706695959,
      -0.023799494723939014,
      0.20236621565041965,
      0.5365793069715457,
      0.7036975076951459,
      0.8174930847248052,
      0.9031430736200252,
      1.0282405468618891,
      1.6675335505340392,
      1.7755301222341682,
      2.063555557101496
    ],
    "cyclotomicity_score": 4,
    "ratio_score": 2
  },
  "p03": {
    "3": {
      "phi": 1,
      "covering_radius": 1e+18,
      "normalized": 1e+18,
      "n_test": 2000
    },
    "4": {
      "phi": 2,
      "covering_radius": 0.6936739852431755,
      "normalized": 0.49050157889814644,
      "n_test": 2000
    },
    "5": {
      "phi": 2,
      "covering_radius": 0.6128658450434418,
      "normalized": 0.4333615949878415,
      "n_test": 2000
    },
    "6": {
      "phi": 3,
      "covering_radius": 0.5764242444572284,
      "normalized": 0.3327986927048075,
      "n_test": 2000
    },
    "7": {
      "phi": 3,
      "covering_radius": 0.5439802633323296,
      "normalized": 0.314067151468764,
      "n_test": 2000
    },
    "8": {
      "phi": 4,
      "covering_radius": 0.43479728625212044,
      "normalized": 0.21739864312606022,
      "n_test": 2000
    },
    "10": {
      "phi": 5,
      "covering_radius": 0.3335375244342393,
      "normalized": 0.1491625155363912,
      "n_test": 2000
    },
    "12": {
      "phi": 6,
      "covering_radius": 0.2942669724833257,
      "normalized": 0.12013398845629433,
      "n_test": 2000
    },
    "15": {
      "phi": 7,
      "covering_radius": 0.267257925547908,
      "normalized": 0.10101400098725433,
      "n_test": 2000
    }
  }
}