{
  "results": {
    "qwen3:0.6b": {
      "echo": 0.0,
      "partial": 0.0,
      "correct": 1.0,
      "other": 0.0
    },
    "gemma3:1b": {
      "echo": 0.1,
      "partial": 0.43333333333333335,
      "correct": 0.0,
      "other": 0.4666666666666667
    },
    "llama3.2:1b": {
      "echo": 0.0,
      "partial": 0.16666666666666666,
      "correct": 0.16666666666666666,
      "other": 0.6666666666666666
    },
    "phi4-mini": {
      "echo": 0.0,
      "partial": 0.0,
      "correct": 0.5666666666666667,
      "other": 0.43333333333333335
    },
    "qwen3:4b": {
      "echo": 0.0,
      "partial": 0.0,
      "correct": 1.0,
      "other": 0.0
    }
  },
  "eisenstein": {
    "qwen3:0.6b": [
      0.9,
      0.05
    ],
    "gemma3:1b": [
      0.46,
      0.3
    ],
    "llama3.2:1b": [
      0.41,
      0.35
    ],
    "phi4-mini": [
      0.88,
      0.12
    ],
    "qwen3:4b": [
      0.11,
      0.89
    ]
  }
}