{
  "n_vertices": 391,
  "n_rooms": 200,
  "avg_neighbors": 0.93,
  "penrose_relevance": [
    0.9929529669703249
  ],
  "random_relevance": [
    -0.985831009205364
  ]
}