{
  "exponent": 0.3496579637230062,
  "intercept": -0.3119828154121386,
  "results": {
    "3": {
      "K": 0,
      "rho": 1e+18
    },
    "4": {
      "K": 1,
      "rho": 0.6936739852431755
    },
    "5": {
      "K": 1,
      "rho": 0.6128658450434418
    },
    "6": {
      "K": 3,
      "rho": 0.5764242444572284
    },
    "7": {
      "K": 3,
      "rho": 0.5439802633323296
    },
    "8": {
      "K": 6,
      "rho": 0.4219464148590619
    },
    "9": {
      "K": 6,
      "rho": 0.384999265988509
    },
    "10": {
      "K": 10,
      "rho": 0.3335375244342393
    },
    "12": {
      "K": 15,
      "rho": 0.2942669724833257
    },
    "14": {
      "K": 21,
      "rho": 0.24201684922480599
    },
    "15": {
      "K": 21,
      "rho": 0.267257925547908
    },
    "16": {
      "K": 28,
      "rho": 0.2708861015587574
    },
    "18": {
      "K": 36,
      "rho": 0.18357036965949908
    },
    "20": {
      "K": 45,
      "rho": 0.16299412326482499
    }
  }
}