{
  "study": "63B",
  "title": "RMT Derivation of the Conservation Law",
  "timestamp": "2026-05-15 17:41:58",
  "computation_time_s": 78.47492027282715,
  "empirical": {
    "V_values": [
      5,
      10,
      20,
      30,
      50,
      100,
      200
    ],
    "results": {
      "5": {
        "gamma_mean": 0.5525863233232189,
        "gamma_std": 0.09254583772287968,
        "H_mean": 0.6809752877046039,
        "H_std": 0.07366925067391424,
        "sum_mean": 1.233561611027823,
        "sum_std": 0.09518464728363075
      },
      "10": {
        "gamma_mean": 0.5719997413294304,
        "gamma_std": 0.052086818563249995,
        "H_mean": 0.7232963528234974,
        "H_std": 0.03036523155177585,
        "sum_mean": 1.295296094152928,
        "sum_std": 0.054713486998654345
      },
      "20": {
        "gamma_mean": 0.6327045737103201,
        "gamma_std": 0.03328671026389615,
        "H_mean": 0.7655862013190006,
        "H_std": 0.013186484549297205,
        "sum_mean": 1.3982907750293205,
        "sum_std": 0.034384679159731715
      },
      "30": {
        "gamma_mean": 0.6714290354723013,
        "gamma_std": 0.026817731070783443,
        "H_mean": 0.7893094597182994,
        "H_std": 0.008166561914683774,
        "sum_mean": 1.4607384951906006,
        "sum_std": 0.02767481177003849
      },
      "50": {
        "gamma_mean": 0.7213161265721956,
        "gamma_std": 0.020239362153289732,
        "H_mean": 0.8175596705055069,
        "H_std": 0.004308497696068769,
        "sum_mean": 1.5388757970777025,
        "sum_std": 0.020523287577213976
      },
      "100": {
        "gamma_mean": 0.7801174274557138,
        "gamma_std": 0.014717148278619696,
        "H_mean": 0.8518980847510513,
        "H_std": 0.0018395180403277373,
        "sum_mean": 1.632015512206765,
        "sum_std": 0.014798624068429335
      },
      "200": {
        "gamma_mean": 0.830449804839402,
        "gamma_std": 0.010790283967404706,
        "H_mean": 0.8810761847256945,
        "H_std": 0.0007677843125408739,
        "sum_mean": 1.711525989565096,
        "sum_std": 0.010812294245266037
      }
    },
    "fitted_intercept": 1.0017240119182218,
    "fitted_slope": -0.13505942749057379,
    "r_squared": 0.9958142308836844
  },
  "ensembles": {
    "dense_uniform": {
      "fitted_intercept": 1.001591832677135,
      "fitted_slope": -0.13517672118620466,
      "r_squared": 0.9959029373859307
    },
    "sparse_50pct": {
      "fitted_intercept": 0.8154814387478496,
      "fitted_slope": -0.15557165597572323,
      "r_squared": 0.9972000200207837
    },
    "sparse_10pct": {
      "fitted_intercept": 0.6139929932449377,
      "fitted_slope": -0.12159543991132679,
      "r_squared": 0.956188300457431
    },
    "gaussian": {
      "fitted_intercept": 1.0341073606730014,
      "fitted_slope": -0.13047176662956483,
      "r_squared": 0.9966686384955256
    },
    "exponential": {
      "fitted_intercept": 0.884708747001478,
      "fitted_slope": -0.14316734916371526,
      "r_squared": 0.994256978604191
    }
  },
  "log_dependence": {
    "V_values": [
      5,
      10,
      15,
      20,
      30,
      40,
      50,
      75,
      100,
      150,
      200
    ],
    "gamma": [
      0.5513955104265175,
      0.5720492569224119,
      0.6043127479411909,
      0.6319223727797751,
      0.6723188471562935,
      0.7001225209748193,
      0.7209794994735148,
      0.7572739124693435,
      0.7807837079992973,
      0.8114723043450408,
      0.8303365994301389
    ],
    "H": [
      0.680928200330519,
      0.7247601663969879,
      0.7484370273740234,
      0.7657453126645105,
      0.7895223887232391,
      0.8053191815181311,
      0.8175627199412544,
      0.8382245302055337,
      0.8518784519020606,
      0.8695962159958114,
      0.8811001681638035
    ],
    "sum": [
      1.2323237107570364,
      1.2968094233193999,
      1.3527497753152145,
      1.3976676854442855,
      1.4618412358795325,
      1.5054417024929503,
      1.538542219414769,
      1.5954984426748773,
      1.6326621599013578,
      1.6810685203408522,
      1.7114367675939426
    ],
    "gamma_fit": {
      "intercept": 0.39453876483074635,
      "slope": 0.08263690940490655
    },
    "H_fit": {
      "intercept": 0.6006143196629204,
      "slope": 0.05436243771751322
    },
    "sum_fit": {
      "intercept": 0.9951530844936668,
      "slope": 0.1369993471224198
    },
    "r2_linear": 0.9960044206066067,
    "r2_quadratic": 0.9960432898575146,
    "r2_inv_V": 0.7464625218737169
  },
  "rmt_comparison": {
    "ks_stat": 0.02914667042517649,
    "ks_p": 0.999986167438012
  },
  "conclusion": "The conservation law \u03b3+H = C \u2212 \u03b1\u00b7ln(V) has deep roots in RMT: the Wigner semicircle governs the bulk eigenvalue distribution, and the Perron eigenvalue dominates the spectrum. The linear-in-ln(V) functional form is an excellent fit (R\u00b2=0.9960) but the specific constants (1.002, -0.135) depend on the ensemble parameters (entry distribution, sparsity). This is analogous to how thermodynamic laws have universal form but system-specific parameters."
}