{
  "study": 78,
  "timestamp": "2026-05-16T01:47:12.771167",
  "prediction": "All rank-1 rules produce spectra in same universality class (Marchenko-Pastur with spike)",
  "parameters": {
    "N": 10,
    "V": 10,
    "rounds": 300
  },
  "classifications": {
    "outer_product": {
      "spectral_radius": 0.04831150660659182,
      "spectral_gap": 0.003084718231325431,
      "spike_ratio": 2.3656548387057352,
      "is_rank1_dominated": false,
      "bulk_mean": 0.020422043746101907,
      "bulk_std": 0.012962527851125335,
      "bulk_skew": 0.6182718310121427,
      "bulk_kurtosis": 2.206849302651047,
      "universality_class": "MP+spike (weak)",
      "eigenvalues": [
        -0.04522678837526639,
        -0.03670134183812894,
        -0.017704200303005967,
        -0.010605392520127164,
        -0.004487908516493597,
        0.006828477666174326,
        0.013995890616185391,
        0.02089844795795186,
        0.02734994592158352,
        0.04831150660659182
      ],
      "eigenvalues_abs": [
        0.004487908516493597,
        0.006828477666174326,
        0.010605392520127164,
        0.013995890616185391,
        0.017704200303005967,
        0.02089844795795186,
        0.02734994592158352,
        0.03670134183812894,
        0.04522678837526639,
        0.04831150660659182
      ]
    },
    "hebbian": {
      "spectral_radius": 0.019018350773238133,
      "spectral_gap": 0.006753855510627158,
      "spike_ratio": 2.825771272050533,
      "is_rank1_dominated": false,
      "bulk_mean": 0.006730322074727448,
      "bulk_std": 0.004174868494491745,
      "bulk_skew": -0.11163471811543893,
      "bulk_kurtosis": 1.3432678094370731,
      "universality_class": "MP+spike (weak)",
      "eigenvalues": [
        -0.012264495262610975,
        -0.010446308485899834,
        -0.009680015301788435,
        -0.007794598591474173,
        -0.0035510776027469597,
        -0.0012092450596691037,
        0.0012615052286349974,
        0.003202287985312581,
        0.011163365154409976,
        0.019018350773238133
      ],
      "eigenvalues_abs": [
        0.0012092450596691037,
        0.0012615052286349974,
        0.003202287985312581,
        0.0035510776027469597,
        0.007794598591474173,
        0.009680015301788435,
        0.010446308485899834,
        0.011163365154409976,
        0.012264495262610975,
        0.019018350773238133
      ]
    },
    "attention": {
      "spectral_radius": 13.63351429922271,
      "spectral_gap": 12.026585817605092,
      "spike_ratio": 9.005747052696822,
      "is_rank1_dominated": true,
      "bulk_mean": 1.5138682243058414,
      "bulk_std": 0.0844974976628407,
      "bulk_skew": -0.9736048954568837,
      "bulk_kurtosis": 2.542728783621928,
      "universality_class": "MP+spike",
      "eigenvalues": [
        -1.6069284816176184,
        -1.5858459475869866,
        -1.5705872718709983,
        -1.5597101468142276,
        -1.5384251941051157,
        -1.5263409322600676,
        -1.5039436782149664,
        -1.3867219960504755,
        -1.346310370232116,
        13.63351429922271
      ],
      "eigenvalues_abs": [
        1.346310370232116,
        1.3867219960504755,
        1.5039436782149664,
        1.5263409322600676,
        1.5384251941051157,
        1.5597101468142276,
        1.5705872718709983,
        1.5858459475869866,
        1.6069284816176184,
        13.63351429922271
      ]
    },
    "random": {
      "spectral_radius": 0.059472036025463526,
      "spectral_gap": 0.005453177696826447,
      "spike_ratio": 1.9823192802742589,
      "is_rank1_dominated": false,
      "bulk_mean": 0.030001239767618617,
      "bulk_std": 0.017081578663637142,
      "bulk_skew": -0.1694448974068835,
      "bulk_kurtosis": 1.730554374624146,
      "universality_class": "Wigner",
      "eigenvalues": [
        -0.059472036025463526,
        -0.04845039337779702,
        -0.02902117823626051,
        -0.00765056764371873,
        0.0028425184247606546,
        0.019910652733482748,
        0.023662286972288393,
        0.03837127661029304,
        0.046083425581329385,
        0.05401885832863708
      ],
      "eigenvalues_abs": [
        0.0028425184247606546,
        0.00765056764371873,
        0.019910652733482748,
        0.023662286972288393,
        0.02902117823626051,
        0.03837127661029304,
        0.046083425581329385,
        0.04845039337779702,
        0.05401885832863708,
        0.059472036025463526
      ]
    },
    "symmetric": {
      "spectral_radius": 0.08403833760625791,
      "spectral_gap": 0.0008157421586754005,
      "spike_ratio": 2.1306620827156584,
      "is_rank1_dominated": false,
      "bulk_mean": 0.03944235845086016,
      "bulk_std": 0.02288871310850228,
      "bulk_skew": 0.1659243684793471,
      "bulk_kurtosis": 2.4648458758064833,
      "universality_class": "MP+spike (weak)",
      "eigenvalues": [
        -0.08322259544758251,
        -0.05025452315996873,
        -0.0434739921620359,
        -0.03263331055651125,
        -0.02631359730796954,
        0.003872615024218467,
        0.010460312470451547,
        0.05053588088523503,
        0.054214399043768444,
        0.08403833760625791
      ],
      "eigenvalues_abs": [
        0.003872615024218467,
        0.010460312470451547,
        0.02631359730796954,
        0.03263331055651125,
        0.0434739921620359,
        0.05025452315996873,
        0.05053588088523503,
        0.054214399043768444,
        0.08322259544758251,
        0.08403833760625791
      ]
    },
    "antisymmetric": {
      "spectral_radius": 0.03854692695240305,
      "spectral_gap": 0.0034167340232981736,
      "spike_ratio": 2.3016469824613566,
      "is_rank1_dominated": false,
      "bulk_mean": 0.016747540888689946,
      "bulk_std": 0.012401870457938944,
      "bulk_skew": 0.21510385729221085,
      "bulk_kurtosis": 1.4949581204888776,
      "universality_class": "MP+spike (weak)",
      "eigenvalues": [
        -0.035130192929104874,
        -0.03130479394470558,
        -0.008107363781360219,
        -0.0014652281725222361,
        0.0014753003907711647,
        0.00817816260351958,
        0.013837617300758907,
        0.020426762812880975,
        0.030802446062585993,
        0.03854692695240305
      ],
      "eigenvalues_abs": [
        0.0014652281725222361,
        0.0014753003907711647,
        0.008107363781360219,
        0.00817816260351958,
        0.013837617300758907,
        0.020426762812880975,
        0.030802446062585993,
        0.03130479394470558,
        0.035130192929104874,
        0.03854692695240305
      ]
    },
    "block_diagonal": {
      "spectral_radius": 0.015068357466541558,
      "spectral_gap": 0.00043011540981091265,
      "spike_ratio": 2.2328137643863792,
      "is_rank1_dominated": false,
      "bulk_mean": 0.006748595742578568,
      "bulk_std": 0.004352047753319599,
      "bulk_skew": 0.4776705846965016,
      "bulk_kurtosis": 1.9207345698084393,
      "universality_class": "MP+spike (weak)",
      "eigenvalues": [
        -0.014638242056730645,
        -0.006185333557270002,
        -0.00433261305924223,
        -0.0030585478961934805,
        -0.002418502396331867,
        0.001220981934919881,
        0.006623641957799878,
        0.010522782799055021,
        0.01173671602566411,
        0.015068357466541558
      ],
      "eigenvalues_abs": [
        0.001220981934919881,
        0.002418502396331867,
        0.0030585478961934805,
        0.00433261305924223,
        0.006185333557270002,
        0.006623641957799878,
        0.010522782799055021,
        0.01173671602566411,
        0.014638242056730645,
        0.015068357466541558
      ]
    },
    "sparse": {
      "spectral_radius": 0.0558894248746596,
      "spectral_gap": 0.02042214219119156,
      "spike_ratio": 3.312667974517703,
      "is_rank1_dominated": true,
      "bulk_mean": 0.016871423668556453,
      "bulk_std": 0.012019184587675103,
      "bulk_skew": 0.23659929162602567,