{
  "seed-mini": {
    "accuracy": 88.23529411764706,
    "avg_latency_ms": 2521.115779876709,
    "tier1": 3,
    "tier2": 4,
    "tier3": 3,
    "tier4": 3,
    "tier5": 2,
    "fails": [
      "21\u219219",
      "8\u219220"
    ],
    "tokens": 3056
  },
  "gemini-flash-lite": {
    "accuracy": 88.23529411764706,
    "avg_latency_ms": 1237.053997376386,
    "tier1": 3,
    "tier2": 4,
    "tier3": 3,
    "tier4": 3,
    "tier5": 2,
    "fails": [
      "21\u219213",
      "8\u219220"
    ],
    "tokens": 624
  },
  "nemotron-30b-a3b": {
    "accuracy": 47.05882352941176,
    "avg_latency_ms": 885.1902344647576,
    "tier1": 2,
    "tier2": 3,
    "tier3": 2,
    "tier4": 0,
    "tier5": 1,
    "fails": [
      "17\u219225",
      "55\u21925",
      "19\u21929.",
      "21\u21922",
      "480\u219248",
      "37699\u21924",
      "90\u219215.",
      "750000\u219200",
      "8\u21922."
    ],
    "tokens": 1642
  },
  "nemotron-nano-9b": {
    "accuracy": 5.88235294117647,
    "avg_latency_ms": 799.2047983057358,
    "tier1": 1,
    "tier2": 0,
    "tier3": 0,
    "tier4": 0,
    "tier5": 0,
    "fails": [
      "7\u21924",
      "17\u21925",
      "55\u21922",
      "120\u21922",
      "24\u21924.",
      "120\u21922",
      "19\u21923.",
      "16\u21923.",
      "21\u21922.",
      "1\u21923.",
      "480\u21921",
      "37699\u21924",
      "90\u21923",
      "750000\u2192500.",
      "80\u21924.",
      "8\u21922."
    ],
    "tokens": 1630
  },
  "mistral-small": {
    "accuracy": 35.294117647058826,
    "avg_latency_ms": 429.9047834732953,
    "tier1": 2,
    "tier2": 1,
    "tier3": 1,
    "tier4": 2,
    "tier5": 0,
    "fails": [
      "17\u219221",
      "55\u219228",
      "120\u219278",
      "120\u219260",
      "19\u219216",
      "21\u219225",
      "1\u219213",
      "90\u2192103",
      "750000\u2192500000",
      "80\u219272",
      "8\u219214"
    ],
    "tokens": 705
  },
  "qwen-0.8b": {
    "accuracy": 35.294117647058826,
    "avg_latency_ms": 639.8606721092673,
    "tier1": 2,
    "tier2": 2,
    "tier3": 1,
    "tier4": 0,
    "tier5": 1,
    "fails": [
      "17\u219210",
      "55\u219245",
      "120\u2192150",
      "19\u219210",
      "21\u219211",
      "1\u219216",
      "480\u2192100",
      "37699\u2192120000",
      "90\u219210",
      "80\u219216",
      "8\u219220"
    ],
    "tokens": 966
  },
  "qwen-2b": {
    "accuracy": 41.17647058823529,
    "avg_latency_ms": 375.76915236080396,
    "tier1": 2,
    "tier2": 3,
    "tier3": 0,
    "tier4": 1,
    "tier5": 1,
    "fails": [
      "17\u219249",
      "120\u2192325",
      "19\u2192100",
      "16\u21924",
      "21\u2192108",
      "1\u219216",
      "37699\u21923769911.184307752",
      "90\u2192108",
      "750000\u219210000000000000000000000000000000000000000000000000",
      "8\u219216"
    ],
    "tokens": 966
  },
  "qwen-35b-a3b": {
    "accuracy": 0.0,
    "avg_latency_ms": 1000.9886096505558,
    "tier1": 0,
    "tier2": 0,
    "tier3": 0,
    "tier4": 0,
    "tier5": 0,
    "fails": [
      "7\u21924",
      "36\u21923",
      "17\u21922",
      "55\u219210",
      "120\u219212",
      "24\u21924",
      "120\u21925",
      "19\u21923",
      "16\u21923",
      "21\u21922",
      "1\u21923",
      "480\u21928",
      "37699\u21923000.",
      "90\u21926",
      "750000\u2192500",
      "80\u21921",
      "8\u21922"
    ],
    "tokens": 1665
  },
  "qwen3-30b-a3b": {
    "accuracy": 5.88235294117647,
    "avg_latency_ms": 715.3264774995691,
    "tier1": 1,
    "tier2": 0,
    "tier3": 0,
    "tier4": 0,
    "tier5": 0,
    "fails": [
      "36\u21923",
      "17\u21922.",
      "55\u219210.",
      "120\u219215.",
      "24\u21923.",
      "120\u21922.",
      "19\u21923.",
      "16\u21923.",
      "21\u21922.",
      "1\u21923.",
      "480\u21921",
      "37699\u21923000",
      "90\u21923",
      "750000\u2192500.",
      "80\u21924",
      "8\u21922."
    ],
    "tokens": 1631
  },
  "hermes-70b": {
    "accuracy": 64.70588235294117,
    "avg_latency_ms": 391.22459467719585,
    "tier1": 2,
    "tier2": 4,
    "tier3": 1,
    "tier4": 2,
    "tier5": 2,
    "fails": [
      "17\u219214",
      "19\u219225",
      "21\u219245",
      "1\u21927",
      "90\u2192150",
      "8\u2192120"
    ],
    "tokens": 818
  },
  "deepseek-r1-70b": {
    "accuracy": 11.76470588235294,
    "avg_latency_ms": 1464.261111091165,
    "tier1": 2,
    "tier2": 0,
    "tier3": 0,
    "tier4": 0,
    "tier5": 0,
    "fails": [
      "17\u21924.",
      "55\u21926.",
      "120\u219210",
      "24\u21926",
      "120\u21922.",
      "19\u21923",
      "16\u21923",
      "21\u21922",
      "1\u21922",
      "480\u21928",
      "37699\u21924",
      "90\u21925.",
      "750000\u2192500.",
      "80\u21923",
      "8\u21923"
    ],
    "tokens": 1428
  },
  "qwen3-14b": {
    "accuracy": 0.0,
    "avg_latency_ms": 1354.1547550874598,
    "tier1": 0,
    "tier2": 0,
    "tier3": 0,
    "tier4": 0,
    "tier5": 0,
    "fails": [
      "7\u21923",
      "36\u21922",
      "17\u21922.",
      "55\u21922",
      "120\u21921",
      "24\u21926.",
      "120\u21925",
      "19\u21923.",
      "16\u21923.",
      "21\u21922.",
      "1\u21923.",
      "480\u21928",
      "37699\u21923000",
      "90\u21924",
      "750000\u2192500.",
      "80\u21921.",
      "8\u21922."
    ],
    "tokens": 1631
  },
  "qwen3-32b": {
    "accuracy": 0.0,
    "avg_latency_ms": 1069.091095643885,
    "tier1": 0,
    "tier2": 0,
    "tier3": 0,
    "tier4": 0,
    "tier5": 0,
    "fails": [
      "7\u21924",
      "36\u219212",
      "17\u21925",
      "55\u21921",
      "120\u21922",
      "24\u21924.",
      "120\u21921",
      "19\u21923.",
      "16\u21923.",
      "21\u21922.",
      "1\u21923.",
      "480\u21921",
      "37699\u21924",
      "90\u21925.",
      "750000\u2192500.",
      "80\u21923",
      "8\u21922."
    ],
    "tokens": 1631
  },
  "qwen2.5-72b": {
    "accuracy": 82.35294117647058,
    "avg_latency_ms": 7185.666491003598,
    "tier1": 3,
    "tier2": 4,
    "tier3": 3,
    "tier4": 2,
    "tier5": 2,
    "fails": [
      "21\u219219",
      "90\u219242",
      "8\u219224"
    ],
    "tokens": 833
  },
  "seed-pro": {
    "accuracy": 88.23529411764706,
    "avg_latency_ms": 3263.7158702401553,
    "tier1": 3,
    "tier2": 4,
    "tier3": 3,
    "tier4": 3,
    "tier5": 2,
    "fails": [
      "21\u219219",
      "8\u219220"
    ],
    "tokens": 2737
  }
}