{
  "exp1": {
    "random": {
      "r2": 0.9990323739013937,
      "r2_std": 0.004161230754699202,
      "evals_min": -747613.1596911702,
      "evals_max": 643783.6246723408,
      "trace": 108459.48590749218,
      "rank": 20,
      "PD": false,
      "comparisons": {
        "C": {
          "cos": 0.023594406545283966,
          "relF": 0.9999999388579144
        },
        "C^TC": {
          "cos": 0.0341606390933778,
          "relF": 0.9999999054798523
        },
        "sym(C)": {
          "cos": 0.023841204936019753,
          "relF": 0.9999999388578452
        },
        "I": {
          "cos": 0.013736526710369894,
          "relF": 0.999999965208249
        }
      }
    },
    "hebbian": {
      "r2": 0.9999999815080166,
      "r2_std": 5.848954931016021e-08,
      "evals_min": -586496.5060072169,
      "evals_max": 307305.48804694833,
      "trace": -165692.2327315676,
      "rank": 12,
      "PD": false,
      "comparisons": {
        "C": {
          "cos": -0.029675863109927234,
          "relF": 1.000000193619845
        },
        "C^TC": {
          "cos": -8.820566525659593e-05,
          "relF": 1.0000000009967966
        },
        "sym(C)": {
          "cos": -0.029675863109927234,
          "relF": 1.000000193619845
        },
        "I": {
          "cos": -0.04724577544530252,
          "relF": 1.0000002694510994
        }
      }
    },
    "attention": {
      "r2": 1.0,
      "r2_std": 2.482534153247273e-17,
      "evals_min": -672.3316561779308,
      "evals_max": 831.8528924838711,
      "trace": 4.027690313685081,
      "rank": 19,
      "PD": false,
      "comparisons": {
        "C": {
          "cos": -0.0013012679936236571,
          "relF": 1.0000098071003305
        },
        "C^TC": {
          "cos": -0.0032313287651100225,
          "relF": 1.000020742427599
        },
        "sym(C)": {
          "cos": -0.0013021614337314954,
          "relF": 1.0000097995642048
        },
        "I": {
          "cos": 0.000651294398383556,
          "relF": 1.000003123303454
        }
      }
    }
  },
  "exp2": {
    "random": {
      "nl_mean": 0.013921805146437245,
      "nl_p95": 0.045438491546810546,
      "lin_mean": 0.9805411489472569
    },
    "hebbian": {
      "nl_mean": 0.000858326371299241,
      "nl_p95": 0.00017569701609829478,
      "lin_mean": 0.9955448734030243
    },
    "attention": {
      "nl_mean": 0.0009018064341188243,
      "nl_p95": 5.158539817516659e-11,
      "lin_mean": 0.9897868802354083
    }
  },
  "exp3": {
    "discovered_r2": 0.9999996355811221,
    "candidates": {
      "I": -46678.2810740295,
      "sym(C)": -196391.9207692588,
      "C^TC_sym": -1139329.265511466,
      "Fisher": -39734.76545577575,
      "Hessian_raw": -39734.76545577577,
      "Hessian_scaled": -89012811034281.05,
      "Basis_recon": 0.0081152765983733
    },
    "basis_coefs": {
      "I": 257389.02709960885,
      "sym(C)": -810302.1742715532,
      "C^TC": -48638.30967530527,
      "sym(C)^2": 455410.7289824931
    }
  },
  "exp4": [
    {
      "scale": 0.1,
      "cv": 0.04333614703219909,
      "r2_P": 0.9999989737737834
    },
    {
      "scale": 0.3,
      "cv": 0.03340628055994106,
      "r2_P": 0.9999775611985348
    },
    {
      "scale": 0.5,
      "cv": 0.028971483943443704,
      "r2_P": 0.9999990706396256
    },
    {
      "scale": 0.7,
      "cv": 0.024737096509736305,
      "r2_P": 0.9997336413089999
    },
    {
      "scale": 0.9,
      "cv": 0.027373401338468568,
      "r2_P": 0.9860911339327784
    },
    {
      "scale": 1.0,
      "cv": 0.0264767897710054,
      "r2_P": 0.8225507470396556
    },
    {
      "scale": 1.2,
      "cv": 0.022776841016989444,
      "r2_P": 0.8694762853079178
    },
    {
      "scale": 1.5,
      "cv": 0.022350075083427744,
      "r2_P": 0.7685257819624713
    },
    {
      "scale": 2.0,
      "cv": 0.01779811999942969,
      "r2_P": 0.8775420553064969
    },
    {
      "scale": 3.0,
      "cv": 0.027959241296401,
      "r2_P": 0.908291687808074
    },
    {
      "scale": 5.0,
      "cv": 0.04387703082158238,
      "r2_P": 0.8321646245988326
    }
  ],
  "exp5": {
    "tanh": {
      "cv": 0.02436921117854774,
      "r2_P": 0.9854041675623039
    },
    "sigmoid": {
      "cv": 3.160572515109883,
      "r2_P": 0.8333370470631088
    },
    "relu": {
      "cv": 0.04729338515768167,
      "r2_P": -3704.3493206876346
    },
    "softplus": {
      "cv": 0.05111852723913017,
      "r2_P": 0.9999991917092743
    },
    "linear": {
      "cv": 0.04197434696166783,
      "r2_P": 0.8911889813215902
    }
  },
  "exp6": {
    "P_C_corr": 0.018814266042817197,
    "P_symC_corr": 0.021581933161800248,
    "diag_frac": 0.045341037103558704
  },
  "exp7": {
    "hess_r2": -0.00763058443712407,
    "cont_lyap_resid": 0.789866008065579
  },
  "exp8": {
    "stoch_lyap_resid": 0.9428137940835744
  }
}