{
  "exp1_characterize_P": {
    "random": {
      "mean_r2": 0.9993760755182443,
      "std_r2": 0.0028638743561540075,
      "P_eigenvalues": [
        -521672.84896024206,
        -431868.67131102295,
        -309837.8452366707,
        -269113.77755154006,
        -214869.2668364094,
        -186073.66600406714,
        -144582.03013056118,
        -105043.64269643619,
        -57820.390929219684,
        -23173.831771606274,
        23031.566774890445,
        35785.45871705146,
        73719.98940608904,
        125358.20629428072,
        151707.1525896101,
        244214.7745278957,
        282281.8832706241,
        335614.4134259651,
        371652.80304433196,
        511451.77009404893
      ],
      "P_trace": -109237.95328298814,
      "P_rank": 20,
      "P_symmetric": true,
      "comparisons": {
        "C": {
          "cosine_sim": -0.010358220713702428,
          "rel_frobenius": 1.000000039211707
        },
        "C^T C": {
          "cosine_sim": -0.0027377393248927536,
          "rel_frobenius": 1.0000000108783922
        },
        "C C^T": {
          "cosine_sim": -0.0005455655420879046,
          "rel_frobenius": 1.0000000021741138
        },
        "(C+C^T)/2": {
          "cosine_sim": -0.010433767625686548,
          "rel_frobenius": 1.0000000392116037
        },
        "I": {
          "cosine_sim": -0.020345893619835086,
          "rel_frobenius": 1.000000075796599
        }
      }
    },
    "hebbian": {
      "mean_r2": 0.9999998791418843,
      "std_r2": 6.422032516796721e-07,
      "P_eigenvalues": [
        -9592.007900850655,
        -4484.706132984648,
        -1911.6111276548502,
        -1633.1387802241377,
        -658.6278402753642,
        -452.75159010158444,
        -252.9806416858974,
        -207.3891244202164,
        -142.10223470613184,
        -78.0393610637545,
        -60.56694154268784,
        80.25503436311469,
        174.62139929581858,
        352.6983124931918,
        521.1889324001957,
        1128.3847623810723,
        1422.0559088232264,
        2466.275879867487,
        4560.581898295706,
        9151.745875836645
      ],
      "P_trace": 383.88632824653416,
      "P_rank": 17,
      "P_symmetric": true,
      "comparisons": {
        "C": {
          "cosine_sim": -0.03452484932731668,
          "rel_frobenius": 1.0000113328106555
        },
        "C^T C": {
          "cosine_sim": -0.048898523451219755,
          "rel_frobenius": 1.0000243400059223
        },
        "C C^T": {
          "cosine_sim": -0.048898523451219755,
          "rel_frobenius": 1.0000243400059223
        },
        "(C+C^T)/2": {
          "cosine_sim": -0.03452484932731668,
          "rel_frobenius": 1.0000113328106555
        },
        "I": {
          "cosine_sim": 0.005616544308802408,
          "rel_frobenius": 0.9999983993255381
        }
      }
    },
    "attention": {
      "mean_r2": 1.0,
      "std_r2": 1.2161883888976234e-16,
      "P_eigenvalues": [
        -218.01946156482467,
        -160.8751841468613,
        -87.04500943588543,
        -75.21825712327397,
        -32.0876364108617,
        -24.438123411274113,
        -14.534513180512777,
        -8.816104083481493,
        -5.2973939930757465,
        -3.0520703289040982,
        4.021632782224471,
        4.688779594737756,
        8.33307965673655,
        9.343641839639915,
        17.62199719522784,
        25.366772041647277,
        69.79289533182819,
        105.22253223932674,
        134.80260535705017,
        187.58154276976552
      ],
      "P_trace": -62.608274870770764,
      "P_rank": 20,
      "P_symmetric": true,
      "comparisons": {
        "C": {
          "cosine_sim": -0.030414339476693333,
          "rel_frobenius": 1.000415336176147
        },
        "C^T C": {
          "cosine_sim": -0.020103752426356352,
          "rel_frobenius": 1.0003715714767416
        },
        "C C^T": {
          "cosine_sim": -0.0217894222239944,
          "rel_frobenius": 1.0003947745272221
        },
        "(C+C^T)/2": {
          "cosine_sim": -0.03042955312891888,
          "rel_frobenius": 1.0004152702281248
        },
        "I": {
          "cosine_sim": -0.03510329938600649,
          "rel_frobenius": 1.0004564039768955
        }
      }
    }
  },
  "exp2_nonlinear_lyapunov": {
    "random": {
      "mean_nonlinear_resid": 0.010215488093235798,
      "max_nonlinear_resid": 0.5834541187822885,
      "p95_nonlinear_resid": 0.04057331945930486,
      "mean_linearized_resid": 0.960906876526247
    },
    "hebbian": {
      "mean_nonlinear_resid": 0.0005329922529770874,
      "max_nonlinear_resid": 0.3007403826792925,
      "p95_nonlinear_resid": 3.482916416877777e-06,
      "mean_linearized_resid": 1.0032128111917344
    },
    "attention": {
      "mean_nonlinear_resid": 0.0005720105360883903,
      "max_nonlinear_resid": 0.24338723054185565,
      "p95_nonlinear_resid": 9.123458791347652e-15,
      "mean_linearized_resid": 0.9846562906524939
    }
  },
  "exp3_analytical_P": {
    "candidates": {
      "I": -7058.791114079034,
      "(C+C^T)/2": -22269.505826975837,
      "(I - C^TC)^{-1}": -3653.02737992687,
      "Fisher": -1446.2043706914938,
      "Hessian": -15421.99888131107,
      "Lyapunov_J": -1789.7202262165624
    },
    "basis_regression_r2": 0.02385441284985157,
    "basis_coefficients": [
      2.050775072457696,
      -2.9416150126186356,
      0.114339455445577,
      1.1943874157395769
    ]
  },
  "exp4_eigenvalue_threshold": [
    {
      "scale": 0.1,
      "mean_cv": 0.03541234293225439,
      "std_cv": 0.008149743511827923,
      "mean_r2_P": 0.9999983443297212
    },
    {
      "scale": 0.3,
      "mean_cv": 0.0271087718156633,
      "std_cv": 0.008262788191003732,
      "mean_r2_P": 0.9998749139647505
    },
    {
      "scale": 0.5,
      "mean_cv": 0.02413104306483139,
      "std_cv": 0.00876696356494506,
      "mean_r2_P": 0.9999994623790485
    },
    {
      "scale": 0.7,
      "mean_cv": 0.022409862821965776,
      "std_cv": 0.005776662810907475,
      "mean_r2_P": 0.9999410508466273
    },
    {
      "scale": 0.9,
      "mean_cv": 0.023864028549431482,
      "std_cv": 0.001813753308625766,
      "mean_r2_P": 0.9970109161875802
    },
    {
      "scale": 1.0,
      "mean_cv": 0.02363251367823691,
      "std_cv": 0.004019410581122637,
      "mean_r2_P": 0.8571492233824649
    },
    {
      "scale": 1.2,
      "mean_cv": 0.020021989332261507,
      "std_cv": 0.005946076887289985,
      "mean_r2_P": 0.8598440771797643
    },
    {
      "scale": 1.5,
      "mean_cv": 0.01715492671375499,
      "std_cv": 0.006717256095177269,
      "mean_r2_P": 0.9814348855933375
    },
    {
      "scale": 2.0,
      "mean_cv": 0.016773345586946507,
      "std_cv": 0.007821486969872287,
      "mean_r2_P": 0.9939670691767851
    },
    {
      "scale": 3.0,
      "mean_cv": 0.022747409129436482,
      "std_cv": 0.009836162087731566,
      "mean_r2_P": 0.625018670416972
    },
    {
      "scale": 5.0,
      "mean_cv": 0.031349710534765395,
      "std_cv": 0.019888449549583524,
      "mean_r2_P": 0.798192898052817
    }
  ],
  "exp5_other_nonlinearities": {
    "tanh": {
      "mean_cv": 0.020151268489307258,
      "std_cv": 0.004619981282391702,
      "mean_r2_P": 0.981437579005366
    },
    "sigmoid": {
      "mean_cv": 4.089334964321741,
      "std_cv": 0.2030736113240095,
      "mean_r2_P": 0.8341221190421212
    },
    "relu": {
      "mean_cv": 0.03241707469488476,
      "std_cv": 0.025207550037490423,
      "mean_r2_P": -2470.2253111690957
    },
    "softplus": {
      "mean_cv": Infinity,
      "std_cv": NaN,
      "mean_r2_P": 0.0
    },
    "linear": {
      "mean_cv": 0.03822107588435911,
      "std_cv": 0.021620821310958858,
      "mean_r2_P": 0.7940325800454234
    }
  },
  "exp6_P_C_correlation": {
    "P_C_corr": 0.028342061167301213,
    "P_symC_corr": 0.03269464259216371,
    "diag_fraction": 0.04530749735037279
  },